file,run,latency_ms,transcript,meta,reference,wer,model
atm_limit_01.wav,1,355.89500004425645,HOW MUCH MONEY CAN I THIK OUT ATHIATHIA,"{""model_id"": ""facebook/wav2vec2-base-960h"", ""device"": ""cpu"", ""latency_ms"": 355.87039997335523}",how much money can I take out at the ATM,0.4,facebook_wav2vec2-base-960h
atm_limit_01.wav,2,356.73110000789165,HOW MUCH MONEY CAN I THIK OUT ATHIATHIA,"{""model_id"": ""facebook/wav2vec2-base-960h"", ""device"": ""cpu"", ""latency_ms"": 356.70770006254315}",how much money can I take out at the ATM,0.4,facebook_wav2vec2-base-960h
atm_limit_01.wav,3,320.1994000701234,HOW MUCH MONEY CAN I THIK OUT ATHIATHIA,"{""model_id"": ""facebook/wav2vec2-base-960h"", ""device"": ""cpu"", ""latency_ms"": 320.18190005328506}",how much money can I take out at the ATM,0.4,facebook_wav2vec2-base-960h
atm_limit_02.wav,1,217.31310000177476,HOW MUCH MONEY CAN I WITHDRAW AT THE A T M,"{""model_id"": ""facebook/wav2vec2-base-960h"", ""device"": ""cpu"", ""latency_ms"": 217.29429997503757}",how much money can I withdraw at the ATM,0.3333333333333333,facebook_wav2vec2-base-960h
atm_limit_02.wav,2,204.1907000821084,HOW MUCH MONEY CAN I WITHDRAW AT THE A T M,"{""model_id"": ""facebook/wav2vec2-base-960h"", ""device"": ""cpu"", ""latency_ms"": 204.17220005765557}",how much money can I withdraw at the ATM,0.3333333333333333,facebook_wav2vec2-base-960h
atm_limit_02.wav,3,252.82599998172373,HOW MUCH MONEY CAN I WITHDRAW AT THE A T M,"{""model_id"": ""facebook/wav2vec2-base-960h"", ""device"": ""cpu"", ""latency_ms"": 252.80539994128048}",how much money can I withdraw at the ATM,0.3333333333333333,facebook_wav2vec2-base-960h
atm_limit_03.wav,1,268.80819990765303,WHAT IS MY LIMIT AT THE EIGTM,"{""model_id"": ""facebook/wav2vec2-base-960h"", ""device"": ""cpu"", ""latency_ms"": 268.79010000266135}",what is my limit at the ATM,0.1428571428571428,facebook_wav2vec2-base-960h
atm_limit_03.wav,2,282.2699999669567,WHAT IS MY LIMIT AT THE EIGTM,"{""model_id"": ""facebook/wav2vec2-base-960h"", ""device"": ""cpu"", ""latency_ms"": 282.2475000284612}",what is my limit at the ATM,0.1428571428571428,facebook_wav2vec2-base-960h
atm_limit_03.wav,3,293.9357999712229,WHAT IS MY LIMIT AT THE EIGTM,"{""model_id"": ""facebook/wav2vec2-base-960h"", ""device"": ""cpu"", ""latency_ms"": 293.91620005480945}",what is my limit at the ATM,0.1428571428571428,facebook_wav2vec2-base-960h
balance_01.wav,1,238.2465999107808,GIM MA THING MIGHT COUNT BALLA,"{""model_id"": ""facebook/wav2vec2-base-960h"", ""device"": ""cpu"", ""latency_ms"": 238.2274999981746}",can you see my account balance,1.0,facebook_wav2vec2-base-960h
balance_01.wav,2,258.0248999875039,GIM MA THING MIGHT COUNT BALLA,"{""model_id"": ""facebook/wav2vec2-base-960h"", ""device"": ""cpu"", ""latency_ms"": 258.00569995772094}",can you see my account balance,1.0,facebook_wav2vec2-base-960h
balance_01.wav,3,217.88740006741136,GIM MA THING MIGHT COUNT BALLA,"{""model_id"": ""facebook/wav2vec2-base-960h"", ""device"": ""cpu"", ""latency_ms"": 217.8688000421971}",can you see my account balance,1.0,facebook_wav2vec2-base-960h
balance_02.wav,1,236.94390000309795,WHAT IS MY ACCOUNT BALANCE,"{""model_id"": ""facebook/wav2vec2-base-960h"", ""device"": ""cpu"", ""latency_ms"": 236.924699973315}",what is my account balance,0.0,facebook_wav2vec2-base-960h
balance_02.wav,2,262.5963999889791,WHAT IS MY ACCOUNT BALANCE,"{""model_id"": ""facebook/wav2vec2-base-960h"", ""device"": ""cpu"", ""latency_ms"": 262.5767000718042}",what is my account balance,0.0,facebook_wav2vec2-base-960h
balance_02.wav,3,289.8724999977276,WHAT IS MY ACCOUNT BALANCE,"{""model_id"": ""facebook/wav2vec2-base-960h"", ""device"": ""cpu"", ""latency_ms"": 289.8493999382481}",what is my account balance,0.0,facebook_wav2vec2-base-960h
balance_03.wav,1,274.46580003015697,SHOW ME MY ACCOUNT BALANCE,"{""model_id"": ""facebook/wav2vec2-base-960h"", ""device"": ""cpu"", ""latency_ms"": 274.44710000418127}",show me my account balance,0.0,facebook_wav2vec2-base-960h
balance_03.wav,2,255.8914000401273,SHOW ME MY ACCOUNT BALANCE,"{""model_id"": ""facebook/wav2vec2-base-960h"", ""device"": ""cpu"", ""latency_ms"": 255.87250001262873}",show me my account balance,0.0,facebook_wav2vec2-base-960h
balance_03.wav,3,286.3558999961242,SHOW ME MY ACCOUNT BALANCE,"{""model_id"": ""facebook/wav2vec2-base-960h"", ""device"": ""cpu"", ""latency_ms"": 286.33400006219745}",show me my account balance,0.0,facebook_wav2vec2-base-960h
balance_04.wav,1,281.9301999406889,I WOULD LIKE TO KNOW WHAT MY CURRENT ACCOUNT BALANCE SHOWS,"{""model_id"": ""facebook/wav2vec2-base-960h"", ""device"": ""cpu"", ""latency_ms"": 281.9104000227526}",I would like to know what my current account balance shows,0.0,facebook_wav2vec2-base-960h
balance_04.wav,2,290.5954000307247,I WOULD LIKE TO KNOW WHAT MY CURRENT ACCOUNT BALANCE SHOWS,"{""model_id"": ""facebook/wav2vec2-base-960h"", ""device"": ""cpu"", ""latency_ms"": 290.5754999956116}",I would like to know what my current account balance shows,0.0,facebook_wav2vec2-base-960h
balance_04.wav,3,254.4796000001952,I WOULD LIKE TO KNOW WHAT MY CURRENT ACCOUNT BALANCE SHOWS,"{""model_id"": ""facebook/wav2vec2-base-960h"", ""device"": ""cpu"", ""latency_ms"": 254.4600999681279}",I would like to know what my current account balance shows,0.0,facebook_wav2vec2-base-960h
balance_05.wav,1,308.3745000185445,WHAT'S MY CURRENT BALANTH,"{""model_id"": ""facebook/wav2vec2-base-960h"", ""device"": ""cpu"", ""latency_ms"": 308.35389997810125}",what's my current balance,0.25,facebook_wav2vec2-base-960h
balance_05.wav,2,307.543299975805,WHAT'S MY CURRENT BALANTH,"{""model_id"": ""facebook/wav2vec2-base-960h"", ""device"": ""cpu"", ""latency_ms"": 307.523800060153}",what's my current balance,0.25,facebook_wav2vec2-base-960h
balance_05.wav,3,271.4385000290349,WHAT'S MY CURRENT BALANTH,"{""model_id"": ""facebook/wav2vec2-base-960h"", ""device"": ""cpu"", ""latency_ms"": 271.41909999772906}",what's my current balance,0.25,facebook_wav2vec2-base-960h
balance_06.wav,1,281.75460000056773,ACCOUNT BALANCE,"{""model_id"": ""facebook/wav2vec2-base-960h"", ""device"": ""cpu"", ""latency_ms"": 281.73389995936304}",account balance,0.0,facebook_wav2vec2-base-960h
balance_06.wav,2,262.5416000373661,ACCOUNT BALANCE,"{""model_id"": ""facebook/wav2vec2-base-960h"", ""device"": ""cpu"", ""latency_ms"": 262.52150000073016}",account balance,0.0,facebook_wav2vec2-base-960h
balance_06.wav,3,279.1090999962762,ACCOUNT BALANCE,"{""model_id"": ""facebook/wav2vec2-base-960h"", ""device"": ""cpu"", ""latency_ms"": 279.0888000745326}",account balance,0.0,facebook_wav2vec2-base-960h
balance_07.wav,1,205.32209996599704,SHOW ME MY ACCOUNT BALANCE PLEASE,"{""model_id"": ""facebook/wav2vec2-base-960h"", ""device"": ""cpu"", ""latency_ms"": 205.3047000663355}",show me my account balance please,0.0,facebook_wav2vec2-base-960h
balance_07.wav,2,231.71640001237392,SHOW ME MY ACCOUNT BALANCE PLEASE,"{""model_id"": ""facebook/wav2vec2-base-960h"", ""device"": ""cpu"", ""latency_ms"": 231.69689998030663}",show me my account balance please,0.0,facebook_wav2vec2-base-960h
balance_07.wav,3,206.00270002614707,SHOW ME MY ACCOUNT BALANCE PLEASE,"{""model_id"": ""facebook/wav2vec2-base-960h"", ""device"": ""cpu"", ""latency_ms"": 205.97600005567074}",show me my account balance please,0.0,facebook_wav2vec2-base-960h
balance_08.wav,1,264.2920999787748,SHOW ME MY ACCOUNT BALANCE,"{""model_id"": ""facebook/wav2vec2-base-960h"", ""device"": ""cpu"", ""latency_ms"": 264.2737999558449}",show me my account balance,0.0,facebook_wav2vec2-base-960h
balance_08.wav,2,286.50009992998093,SHOW ME MY ACCOUNT BALANCE,"{""model_id"": ""facebook/wav2vec2-base-960h"", ""device"": ""cpu"", ""latency_ms"": 286.4816999062896}",show me my account balance,0.0,facebook_wav2vec2-base-960h
balance_08.wav,3,305.17930001951754,SHOW ME MY ACCOUNT BALANCE,"{""model_id"": ""facebook/wav2vec2-base-960h"", ""device"": ""cpu"", ""latency_ms"": 305.11369998566806}",show me my account balance,0.0,facebook_wav2vec2-base-960h
balance_09.wav,1,376.6788999782875,COULD I SEE MY ACCOUNT BALANCEPLEASE,"{""model_id"": ""facebook/wav2vec2-base-960h"", ""device"": ""cpu"", ""latency_ms"": 376.6585999401286}",can I see my account balance please,0.4285714285714285,facebook_wav2vec2-base-960h
balance_09.wav,2,288.21129992138594,COULD I SEE MY ACCOUNT BALANCEPLEASE,"{""model_id"": ""facebook/wav2vec2-base-960h"", ""device"": ""cpu"", ""latency_ms"": 288.1895999889821}",can I see my account balance please,0.4285714285714285,facebook_wav2vec2-base-960h
balance_09.wav,3,259.0495999902487,COULD I SEE MY ACCOUNT BALANCEPLEASE,"{""model_id"": ""facebook/wav2vec2-base-960h"", ""device"": ""cpu"", ""latency_ms"": 259.027500054799}",can I see my account balance please,0.4285714285714285,facebook_wav2vec2-base-960h
balance_10.wav,1,892.5730000482872,YOU SHILL ME LIE CURRENT HELP IANT,"{""model_id"": ""facebook/wav2vec2-base-960h"", ""device"": ""cpu"", ""latency_ms"": 892.5005999626592}",show me my current account balance,0.8333333333333334,facebook_wav2vec2-base-960h
balance_10.wav,2,818.2469999883324,YOU SHILL ME LIE CURRENT HELP IANT,"{""model_id"": ""facebook/wav2vec2-base-960h"", ""device"": ""cpu"", ""latency_ms"": 818.2074999203905}",show me my current account balance,0.8333333333333334,facebook_wav2vec2-base-960h
balance_10.wav,3,825.2061000093818,YOU SHILL ME LIE CURRENT HELP IANT,"{""model_id"": ""facebook/wav2vec2-base-960h"", ""device"": ""cpu"", ""latency_ms"": 825.1769000198692}",show me my current account balance,0.8333333333333334,facebook_wav2vec2-base-960h
card_issues_01.wav,1,811.940599931404,WHY WAS MY CARD DECLIND,"{""model_id"": ""facebook/wav2vec2-base-960h"", ""device"": ""cpu"", ""latency_ms"": 811.9027999928221}",why was my card declined,0.2,facebook_wav2vec2-base-960h
card_issues_01.wav,2,793.8429999630898,WHY WAS MY CARD DECLIND,"{""model_id"": ""facebook/wav2vec2-base-960h"", ""device"": ""cpu"", ""latency_ms"": 793.7956999521703}",why was my card declined,0.2,facebook_wav2vec2-base-960h
card_issues_01.wav,3,775.0543999718502,WHY WAS MY CARD DECLIND,"{""model_id"": ""facebook/wav2vec2-base-960h"", ""device"": ""cpu"", ""latency_ms"": 774.9851000262424}",why was my card declined,0.2,facebook_wav2vec2-base-960h
card_issues_02.wav,1,866.3097000680864,I NEED HELP ACTIGATING MY ALAV,"{""model_id"": ""facebook/wav2vec2-base-960h"", ""device"": ""cpu"", ""latency_ms"": 866.2733000237495}",I need help activating my scars,0.3333333333333333,facebook_wav2vec2-base-960h
card_issues_02.wav,2,871.2228999938816,I NEED HELP ACTIGATING MY ALAV,"{""model_id"": ""facebook/wav2vec2-base-960h"", ""device"": ""cpu"", ""latency_ms"": 871.1739000864327}",I need help activating my scars,0.3333333333333333,facebook_wav2vec2-base-960h
card_issues_02.wav,3,767.4751000013202,I NEED HELP ACTIGATING MY ALAV,"{""model_id"": ""facebook/wav2vec2-base-960h"", ""device"": ""cpu"", ""latency_ms"": 767.4377999501303}",I need help activating my scars,0.3333333333333333,facebook_wav2vec2-base-960h
card_issues_03.wav,1,775.1623999793082,CARD NOT WORKING,"{""model_id"": ""facebook/wav2vec2-base-960h"", ""device"": ""cpu"", ""latency_ms"": 775.132599985227}",card not working,0.0,facebook_wav2vec2-base-960h
card_issues_03.wav,2,763.7945999158546,CARD NOT WORKING,"{""model_id"": ""facebook/wav2vec2-base-960h"", ""device"": ""cpu"", ""latency_ms"": 763.7646000366658}",card not working,0.0,facebook_wav2vec2-base-960h
card_issues_03.wav,3,734.214499942027,CARD NOT WORKING,"{""model_id"": ""facebook/wav2vec2-base-960h"", ""device"": ""cpu"", ""latency_ms"": 734.1836000559852}",card not working,0.0,facebook_wav2vec2-base-960h
card_issues_04.wav,1,764.1718999948353,WHAT ART IF THEN WORKING,"{""model_id"": ""facebook/wav2vec2-base-960h"", ""device"": ""cpu"", ""latency_ms"": 764.1382999718189}",my card isn't working,1.0,facebook_wav2vec2-base-960h
card_issues_04.wav,2,831.0759000014514,WHAT ART IF THEN WORKING,"{""model_id"": ""facebook/wav2vec2-base-960h"", ""device"": ""cpu"", ""latency_ms"": 831.0210999334231}",my card isn't working,1.0,facebook_wav2vec2-base-960h
card_issues_04.wav,3,875.2062999410555,WHAT ART IF THEN WORKING,"{""model_id"": ""facebook/wav2vec2-base-960h"", ""device"": ""cpu"", ""latency_ms"": 875.1691000070423}",my card isn't working,1.0,facebook_wav2vec2-base-960h
card_issues_05.wav,1,790.52700009197,TURN A FIGURE OUT WHY MY PAYMENT WAS DECLINED,"{""model_id"": ""facebook/wav2vec2-base-960h"", ""device"": ""cpu"", ""latency_ms"": 790.49489996396}",trying to figure out why my payment was declined,0.2222222222222222,facebook_wav2vec2-base-960h
card_issues_05.wav,2,783.1560999620706,TURN A FIGURE OUT WHY MY PAYMENT WAS DECLINED,"{""model_id"": ""facebook/wav2vec2-base-960h"", ""device"": ""cpu"", ""latency_ms"": 783.126600086689}",trying to figure out why my payment was declined,0.2222222222222222,facebook_wav2vec2-base-960h
card_issues_05.wav,3,792.6688999868929,TURN A FIGURE OUT WHY MY PAYMENT WAS DECLINED,"{""model_id"": ""facebook/wav2vec2-base-960h"", ""device"": ""cpu"", ""latency_ms"": 792.6383001031354}",trying to figure out why my payment was declined,0.2222222222222222,facebook_wav2vec2-base-960h
cash_deposit_01.wav,1,700.9886000305414,HOW DO I DEPOSIT MONEY INTO MY ACCOW,"{""model_id"": ""facebook/wav2vec2-base-960h"", ""device"": ""cpu"", ""latency_ms"": 700.9560000151396}",how do I deposit money into my account,0.125,facebook_wav2vec2-base-960h
cash_deposit_01.wav,2,660.1969000184909,HOW DO I DEPOSIT MONEY INTO MY ACCOW,"{""model_id"": ""facebook/wav2vec2-base-960h"", ""device"": ""cpu"", ""latency_ms"": 660.1648000068963}",how do I deposit money into my account,0.125,facebook_wav2vec2-base-960h
cash_deposit_01.wav,3,740.7474000938237,HOW DO I DEPOSIT MONEY INTO MY ACCOW,"{""model_id"": ""facebook/wav2vec2-base-960h"", ""device"": ""cpu"", ""latency_ms"": 740.7081000274047}",how do I deposit money into my account,0.125,facebook_wav2vec2-base-960h
cash_deposit_02.wav,1,698.5890999203548,WU'D LIKE TO DEPOSIT MONEY INTO MY ACCOUNT,"{""model_id"": ""facebook/wav2vec2-base-960h"", ""device"": ""cpu"", ""latency_ms"": 698.555100010708}",would you like to deposit money into my account,0.2222222222222222,facebook_wav2vec2-base-960h
cash_deposit_02.wav,2,648.0249000014737,WU'D LIKE TO DEPOSIT MONEY INTO MY ACCOUNT,"{""model_id"": ""facebook/wav2vec2-base-960h"", ""device"": ""cpu"", ""latency_ms"": 647.996100015007}",would you like to deposit money into my account,0.2222222222222222,facebook_wav2vec2-base-960h
cash_deposit_02.wav,3,624.2041999939829,WU'D LIKE TO DEPOSIT MONEY INTO MY ACCOUNT,"{""model_id"": ""facebook/wav2vec2-base-960h"", ""device"": ""cpu"", ""latency_ms"": 624.1810999345034}",would you like to deposit money into my account,0.2222222222222222,facebook_wav2vec2-base-960h
cash_deposit_03.wav,1,767.0182000147179,HOW DO I DEPOSIT MONEY INTO MY ACCOUNT,"{""model_id"": ""facebook/wav2vec2-base-960h"", ""device"": ""cpu"", ""latency_ms"": 766.9854999985546}",how do I deposit money into my account,0.0,facebook_wav2vec2-base-960h
cash_deposit_03.wav,2,762.3424000339583,HOW DO I DEPOSIT MONEY INTO MY ACCOUNT,"{""model_id"": ""facebook/wav2vec2-base-960h"", ""device"": ""cpu"", ""latency_ms"": 762.3060999903828}",how do I deposit money into my account,0.0,facebook_wav2vec2-base-960h
cash_deposit_03.wav,3,758.5213999263942,HOW DO I DEPOSIT MONEY INTO MY ACCOUNT,"{""model_id"": ""facebook/wav2vec2-base-960h"", ""device"": ""cpu"", ""latency_ms"": 758.4875000175089}",how do I deposit money into my account,0.0,facebook_wav2vec2-base-960h
cash_deposit_04.wav,1,543.9127000281587,CAN I MAKE A CAPAFI,"{""model_id"": ""facebook/wav2vec2-base-960h"", ""device"": ""cpu"", ""latency_ms"": 543.8734000781551}",can I make a deposit,0.2,facebook_wav2vec2-base-960h
cash_deposit_04.wav,2,546.5437000384554,CAN I MAKE A CAPAFI,"{""model_id"": ""facebook/wav2vec2-base-960h"", ""device"": ""cpu"", ""latency_ms"": 546.5157999424264}",can I make a deposit,0.2,facebook_wav2vec2-base-960h
cash_deposit_04.wav,3,570.8575000753626,CAN I MAKE A CAPAFI,"{""model_id"": ""facebook/wav2vec2-base-960h"", ""device"": ""cpu"", ""latency_ms"": 570.815599989146}",can I make a deposit,0.2,facebook_wav2vec2-base-960h
cash_deposit_05.wav,1,771.6101999394596,I I WANT TO DEPOSIT MONEY INTO MY SAVINGS ACCOUNT,"{""model_id"": ""facebook/wav2vec2-base-960h"", ""device"": ""cpu"", ""latency_ms"": 771.5815999545157}",hi I want to deposit money into my savings account,0.1,facebook_wav2vec2-base-960h
cash_deposit_05.wav,2,784.4063000520691,I I WANT TO DEPOSIT MONEY INTO MY SAVINGS ACCOUNT,"{""model_id"": ""facebook/wav2vec2-base-960h"", ""device"": ""cpu"", ""latency_ms"": 784.3753999331966}",hi I want to deposit money into my savings account,0.1,facebook_wav2vec2-base-960h
cash_deposit_05.wav,3,769.1513999598101,I I WANT TO DEPOSIT MONEY INTO MY SAVINGS ACCOUNT,"{""model_id"": ""facebook/wav2vec2-base-960h"", ""device"": ""cpu"", ""latency_ms"": 769.1205999581143}",hi I want to deposit money into my savings account,0.1,facebook_wav2vec2-base-960h
cash_deposit_06.wav,1,748.5229999292642,I'D LIKE TO MAKE A DEPOSIT,"{""model_id"": ""facebook/wav2vec2-base-960h"", ""device"": ""cpu"", ""latency_ms"": 748.4911999199539}",I'd like to make a deposit,0.0,facebook_wav2vec2-base-960h
cash_deposit_06.wav,2,769.551599980332,I'D LIKE TO MAKE A DEPOSIT,"{""model_id"": ""facebook/wav2vec2-base-960h"", ""device"": ""cpu"", ""latency_ms"": 769.5148000493646}",I'd like to make a deposit,0.0,facebook_wav2vec2-base-960h
cash_deposit_06.wav,3,749.3351999437436,I'D LIKE TO MAKE A DEPOSIT,"{""model_id"": ""facebook/wav2vec2-base-960h"", ""device"": ""cpu"", ""latency_ms"": 749.2997000226751}",I'd like to make a deposit,0.0,facebook_wav2vec2-base-960h
cash_deposit_07.wav,1,746.2333999574184,TO PAHAT MONEY INTO ACCOUNT,"{""model_id"": ""facebook/wav2vec2-base-960h"", ""device"": ""cpu"", ""latency_ms"": 746.2044000858441}",deposit money into account,0.5,facebook_wav2vec2-base-960h
cash_deposit_07.wav,2,771.553400089033,TO PAHAT MONEY INTO ACCOUNT,"{""model_id"": ""facebook/wav2vec2-base-960h"", ""device"": ""cpu"", ""latency_ms"": 771.52039995417}",deposit money into account,0.5,facebook_wav2vec2-base-960h
cash_deposit_07.wav,3,801.821400062181,TO PAHAT MONEY INTO ACCOUNT,"{""model_id"": ""facebook/wav2vec2-base-960h"", ""device"": ""cpu"", ""latency_ms"": 801.790300058201}",deposit money into account,0.5,facebook_wav2vec2-base-960h
cash_deposit_08.wav,1,788.287700037472,WHERE CAN I DEPOSIT MONEY,"{""model_id"": ""facebook/wav2vec2-base-960h"", ""device"": ""cpu"", ""latency_ms"": 788.2567000342533}",where can I deposit money,0.0,facebook_wav2vec2-base-960h
cash_deposit_08.wav,2,834.638400003314,WHERE CAN I DEPOSIT MONEY,"{""model_id"": ""facebook/wav2vec2-base-960h"", ""device"": ""cpu"", ""latency_ms"": 834.604199975729}",where can I deposit money,0.0,facebook_wav2vec2-base-960h
cash_deposit_08.wav,3,802.9392999596894,WHERE CAN I DEPOSIT MONEY,"{""model_id"": ""facebook/wav2vec2-base-960h"", ""device"": ""cpu"", ""latency_ms"": 802.9080000706017}",where can I deposit money,0.0,facebook_wav2vec2-base-960h
cash_deposit_09.wav,1,605.1665999693796,HOW CAN I MAKE A DEPOSIT,"{""model_id"": ""facebook/wav2vec2-base-960h"", ""device"": ""cpu"", ""latency_ms"": 605.1322999410331}",how can I make a deposit,0.0,facebook_wav2vec2-base-960h
cash_deposit_09.wav,2,604.6840000199154,HOW CAN I MAKE A DEPOSIT,"{""model_id"": ""facebook/wav2vec2-base-960h"", ""device"": ""cpu"", ""latency_ms"": 604.6521000098437}",how can I make a deposit,0.0,facebook_wav2vec2-base-960h
cash_deposit_09.wav,3,601.9990999484435,HOW CAN I MAKE A DEPOSIT,"{""model_id"": ""facebook/wav2vec2-base-960h"", ""device"": ""cpu"", ""latency_ms"": 601.9697000738233}",how can I make a deposit,0.0,facebook_wav2vec2-base-960h
cash_deposit_10.wav,1,818.1866001104936,I'D LIKE FOR DEPOSIT MONEY INTO MY ACCOUNT,"{""model_id"": ""facebook/wav2vec2-base-960h"", ""device"": ""cpu"", ""latency_ms"": 818.152799969539}",I'd like to deposit money into my account,0.125,facebook_wav2vec2-base-960h
cash_deposit_10.wav,2,821.3723000371829,I'D LIKE FOR DEPOSIT MONEY INTO MY ACCOUNT,"{""model_id"": ""facebook/wav2vec2-base-960h"", ""device"": ""cpu"", ""latency_ms"": 821.3386998977512}",I'd like to deposit money into my account,0.125,facebook_wav2vec2-base-960h
cash_deposit_10.wav,3,798.3549000928178,I'D LIKE FOR DEPOSIT MONEY INTO MY ACCOUNT,"{""model_id"": ""facebook/wav2vec2-base-960h"", ""device"": ""cpu"", ""latency_ms"": 798.3240999747068}",I'd like to deposit money into my account,0.125,facebook_wav2vec2-base-960h
latest_transactions_01.wav,1,915.2853999985382,THE PAUSE ABOUT LEAPING TRANSACTION PON MY CARD,"{""model_id"": ""facebook/wav2vec2-base-960h"", ""device"": ""cpu"", ""latency_ms"": 915.2457999298349}",tell me about recent transactions on my card,0.625,facebook_wav2vec2-base-960h
latest_transactions_01.wav,2,947.2778000636026,THE PAUSE ABOUT LEAPING TRANSACTION PON MY CARD,"{""model_id"": ""facebook/wav2vec2-base-960h"", ""device"": ""cpu"", ""latency_ms"": 947.2279000328854}",tell me about recent transactions on my card,0.625,facebook_wav2vec2-base-960h
latest_transactions_01.wav,3,855.8617000235245,THE PAUSE ABOUT LEAPING TRANSACTION PON MY CARD,"{""model_id"": ""facebook/wav2vec2-base-960h"", ""device"": ""cpu"", ""latency_ms"": 855.8198999380693}",tell me about recent transactions on my card,0.625,facebook_wav2vec2-base-960h
latest_transactions_02.wav,1,738.5049000149593,PLEASE TELL ME MY LATEST TRANSACTIONS,"{""model_id"": ""facebook/wav2vec2-base-960h"", ""device"": ""cpu"", ""latency_ms"": 738.4667000733316}",please show me my latest transactions,0.1666666666666666,facebook_wav2vec2-base-960h
latest_transactions_02.wav,2,683.6802000179887,PLEASE TELL ME MY LATEST TRANSACTIONS,"{""model_id"": ""facebook/wav2vec2-base-960h"", ""device"": ""cpu"", ""latency_ms"": 683.6305999895558}",please show me my latest transactions,0.1666666666666666,facebook_wav2vec2-base-960h
latest_transactions_02.wav,3,697.119600023143,PLEASE TELL ME MY LATEST TRANSACTIONS,"{""model_id"": ""facebook/wav2vec2-base-960h"", ""device"": ""cpu"", ""latency_ms"": 697.0803999574855}",please show me my latest transactions,0.1666666666666666,facebook_wav2vec2-base-960h
latest_transactions_03.wav,1,649.9039999907836,SHOW ME MY RECENT TRANSACTIONS,"{""model_id"": ""facebook/wav2vec2-base-960h"", ""device"": ""cpu"", ""latency_ms"": 649.8472000239417}",show me my recent transactions,0.0,facebook_wav2vec2-base-960h
latest_transactions_03.wav,2,638.2908000377938,SHOW ME MY RECENT TRANSACTIONS,"{""model_id"": ""facebook/wav2vec2-base-960h"", ""device"": ""cpu"", ""latency_ms"": 638.2544999942183}",show me my recent transactions,0.0,facebook_wav2vec2-base-960h
latest_transactions_03.wav,3,627.1185000659898,SHOW ME MY RECENT TRANSACTIONS,"{""model_id"": ""facebook/wav2vec2-base-960h"", ""device"": ""cpu"", ""latency_ms"": 627.0831000292674}",show me my recent transactions,0.0,facebook_wav2vec2-base-960h
pay_bill_01.wav,1,757.5905000558123,I LIKE TO MAKE A PAYMENT ON THE BILL,"{""model_id"": ""facebook/wav2vec2-base-960h"", ""device"": ""cpu"", ""latency_ms"": 757.552900002338}",epic to make a payment on the bill,0.25,facebook_wav2vec2-base-960h
pay_bill_01.wav,2,827.9778000432998,I LIKE TO MAKE A PAYMENT ON THE BILL,"{""model_id"": ""facebook/wav2vec2-base-960h"", ""device"": ""cpu"", ""latency_ms"": 827.9377999715507}",epic to make a payment on the bill,0.25,facebook_wav2vec2-base-960h
pay_bill_01.wav,3,857.934599975124,I LIKE TO MAKE A PAYMENT ON THE BILL,"{""model_id"": ""facebook/wav2vec2-base-960h"", ""device"": ""cpu"", ""latency_ms"": 857.8981999307871}",epic to make a payment on the bill,0.25,facebook_wav2vec2-base-960h
pay_bill_02.wav,1,677.1988000255078,I I WANT TO MAKE AN ONLINE BILL PAYMENT,"{""model_id"": ""facebook/wav2vec2-base-960h"", ""device"": ""cpu"", ""latency_ms"": 677.1581000648439}",I want to make an online bill payment,0.125,facebook_wav2vec2-base-960h
pay_bill_02.wav,2,683.5820999694988,I I WANT TO MAKE AN ONLINE BILL PAYMENT,"{""model_id"": ""facebook/wav2vec2-base-960h"", ""device"": ""cpu"", ""latency_ms"": 683.5347000742331}",I want to make an online bill payment,0.125,facebook_wav2vec2-base-960h
pay_bill_02.wav,3,749.342399998568,I I WANT TO MAKE AN ONLINE BILL PAYMENT,"{""model_id"": ""facebook/wav2vec2-base-960h"", ""device"": ""cpu"", ""latency_ms"": 749.3035000516102}",I want to make an online bill payment,0.125,facebook_wav2vec2-base-960h
pay_bill_03.wav,1,822.6393000222743,I WOULD LIKE TO MAKE A BILL PAYMENT,"{""model_id"": ""facebook/wav2vec2-base-960h"", ""device"": ""cpu"", ""latency_ms"": 822.5907000014558}",I would like to make a down payment,0.125,facebook_wav2vec2-base-960h
pay_bill_03.wav,2,779.4629000127316,I WOULD LIKE TO MAKE A BILL PAYMENT,"{""model_id"": ""facebook/wav2vec2-base-960h"", ""device"": ""cpu"", ""latency_ms"": 779.4287001015618}",I would like to make a down payment,0.125,facebook_wav2vec2-base-960h
pay_bill_03.wav,3,865.6908998964354,I WOULD LIKE TO MAKE A BILL PAYMENT,"{""model_id"": ""facebook/wav2vec2-base-960h"", ""device"": ""cpu"", ""latency_ms"": 865.6524000689387}",I would like to make a down payment,0.125,facebook_wav2vec2-base-960h
pay_bill_04.wav,1,640.0340999243781,I NEED TO MAKE A PAYMENT,"{""model_id"": ""facebook/wav2vec2-base-960h"", ""device"": ""cpu"", ""latency_ms"": 639.9963999865577}",I need to make a payment,0.0,facebook_wav2vec2-base-960h
pay_bill_04.wav,2,662.6082999864593,I NEED TO MAKE A PAYMENT,"{""model_id"": ""facebook/wav2vec2-base-960h"", ""device"": ""cpu"", ""latency_ms"": 662.5702999299392}",I need to make a payment,0.0,facebook_wav2vec2-base-960h
pay_bill_04.wav,3,631.6350999986753,I NEED TO MAKE A PAYMENT,"{""model_id"": ""facebook/wav2vec2-base-960h"", ""device"": ""cpu"", ""latency_ms"": 631.5988999558613}",I need to make a payment,0.0,facebook_wav2vec2-base-960h
pay_bill_05.wav,1,770.2433000085875,MAKE A BILL PAYMENT,"{""model_id"": ""facebook/wav2vec2-base-960h"", ""device"": ""cpu"", ""latency_ms"": 770.163599983789}",make a bill payment,0.0,facebook_wav2vec2-base-960h
pay_bill_05.wav,2,793.0356001015753,MAKE A BILL PAYMENT,"{""model_id"": ""facebook/wav2vec2-base-960h"", ""device"": ""cpu"", ""latency_ms"": 792.9702000692487}",make a bill payment,0.0,facebook_wav2vec2-base-960h
pay_bill_05.wav,3,802.9203000478446,MAKE A BILL PAYMENT,"{""model_id"": ""facebook/wav2vec2-base-960h"", ""device"": ""cpu"", ""latency_ms"": 802.8792999684811}",make a bill payment,0.0,facebook_wav2vec2-base-960h
pay_bill_06.wav,1,767.6296000136063,I'D LIKE TO MAKE A PAYMENT,"{""model_id"": ""facebook/wav2vec2-base-960h"", ""device"": ""cpu"", ""latency_ms"": 767.5760000711307}",I'd like to make a payment,0.0,facebook_wav2vec2-base-960h
pay_bill_06.wav,2,812.9557999782264,I'D LIKE TO MAKE A PAYMENT,"{""model_id"": ""facebook/wav2vec2-base-960h"", ""device"": ""cpu"", ""latency_ms"": 812.9163000266999}",I'd like to make a payment,0.0,facebook_wav2vec2-base-960h
pay_bill_06.wav,3,682.410900015384,I'D LIKE TO MAKE A PAYMENT,"{""model_id"": ""facebook/wav2vec2-base-960h"", ""device"": ""cpu"", ""latency_ms"": 682.359499973245}",I'd like to make a payment,0.0,facebook_wav2vec2-base-960h
pay_bill_07.wav,1,444.7174998931587,MY BUILDARE DUE,"{""model_id"": ""facebook/wav2vec2-base-960h"", ""device"": ""cpu"", ""latency_ms"": 444.6694999933243}",my bills are due,0.5,facebook_wav2vec2-base-960h
pay_bill_07.wav,2,431.0707999393344,MY BUILDARE DUE,"{""model_id"": ""facebook/wav2vec2-base-960h"", ""device"": ""cpu"", ""latency_ms"": 431.0308999847621}",my bills are due,0.5,facebook_wav2vec2-base-960h
pay_bill_07.wav,3,447.8658000007272,MY BUILDARE DUE,"{""model_id"": ""facebook/wav2vec2-base-960h"", ""device"": ""cpu"", ""latency_ms"": 447.83219997771084}",my bills are due,0.5,facebook_wav2vec2-base-960h
pay_bill_08.wav,1,788.8669999083504,ONT A PAY OFF MY ENTIRE BALANCE,"{""model_id"": ""facebook/wav2vec2-base-960h"", ""device"": ""cpu"", ""latency_ms"": 788.8314999872819}",I want to pay off my entire balance,0.375,facebook_wav2vec2-base-960h
pay_bill_08.wav,2,752.0216999109834,ONT A PAY OFF MY ENTIRE BALANCE,"{""model_id"": ""facebook/wav2vec2-base-960h"", ""device"": ""cpu"", ""latency_ms"": 751.9877000013366}",I want to pay off my entire balance,0.375,facebook_wav2vec2-base-960h
pay_bill_08.wav,3,775.6754999281839,ONT A PAY OFF MY ENTIRE BALANCE,"{""model_id"": ""facebook/wav2vec2-base-960h"", ""device"": ""cpu"", ""latency_ms"": 775.6375001044944}",I want to pay off my entire balance,0.375,facebook_wav2vec2-base-960h
pay_bill_09.wav,1,478.662500041537,I WOULD LIKE TO MAKE A PAYMENT,"{""model_id"": ""facebook/wav2vec2-base-960h"", ""device"": ""cpu"", ""latency_ms"": 478.62929990515113}",I would like to make a payment,0.0,facebook_wav2vec2-base-960h
pay_bill_09.wav,2,511.69150008354336,I WOULD LIKE TO MAKE A PAYMENT,"{""model_id"": ""facebook/wav2vec2-base-960h"", ""device"": ""cpu"", ""latency_ms"": 511.653000023216}",I would like to make a payment,0.0,facebook_wav2vec2-base-960h
pay_bill_09.wav,3,500.6648999406025,I WOULD LIKE TO MAKE A PAYMENT,"{""model_id"": ""facebook/wav2vec2-base-960h"", ""device"": ""cpu"", ""latency_ms"": 500.6302000256255}",I would like to make a payment,0.0,facebook_wav2vec2-base-960h
pay_bill_10.wav,1,709.1669999063015,I'D LIKE TO PAY MY BILL,"{""model_id"": ""facebook/wav2vec2-base-960h"", ""device"": ""cpu"", ""latency_ms"": 709.1282000765204}",I'd like to pay my bill,0.0,facebook_wav2vec2-base-960h
pay_bill_10.wav,2,741.8433000566438,I'D LIKE TO PAY MY BILL,"{""model_id"": ""facebook/wav2vec2-base-960h"", ""device"": ""cpu"", ""latency_ms"": 741.8050999986008}",I'd like to pay my bill,0.0,facebook_wav2vec2-base-960h
pay_bill_10.wav,3,701.2142000021413,I'D LIKE TO PAY MY BILL,"{""model_id"": ""facebook/wav2vec2-base-960h"", ""device"": ""cpu"", ""latency_ms"": 701.1664999881759}",I'd like to pay my bill,0.0,facebook_wav2vec2-base-960h
atm_limit_01.wav,1,1633.1527000293136,how much money can i say l at eight pm,"{""model_path"": ""bench/models/vosk/vosk-model-small-en-us-0.15"", ""device"": ""cpu"", ""latency_ms"": 1409.315799945034}",how much money can I take out at the ATM,0.4,voskadapter
atm_limit_01.wav,2,1667.86459996365,how much money can i say l at eight pm,"{""model_path"": ""bench/models/vosk/vosk-model-small-en-us-0.15"", ""device"": ""cpu"", ""latency_ms"": 1452.0993999904022}",how much money can I take out at the ATM,0.4,voskadapter
atm_limit_01.wav,3,1802.2696999832988,how much money can i say l at eight pm,"{""model_path"": ""bench/models/vosk/vosk-model-small-en-us-0.15"", ""device"": ""cpu"", ""latency_ms"": 1583.7998000206426}",how much money can I take out at the ATM,0.4,voskadapter
atm_limit_02.wav,1,1469.590699998662,how much money to withdraw the a m,"{""model_path"": ""bench/models/vosk/vosk-model-small-en-us-0.15"", ""device"": ""cpu"", ""latency_ms"": 1238.4233999764547}",how much money can I withdraw at the ATM,0.5555555555555556,voskadapter
atm_limit_02.wav,2,1530.6504999753088,how much money to withdraw the a m,"{""model_path"": ""bench/models/vosk/vosk-model-small-en-us-0.15"", ""device"": ""cpu"", ""latency_ms"": 1297.9184000287205}",how much money can I withdraw at the ATM,0.5555555555555556,voskadapter
atm_limit_02.wav,3,1496.898900019005,how much money to withdraw the a m,"{""model_path"": ""bench/models/vosk/vosk-model-small-en-us-0.15"", ""device"": ""cpu"", ""latency_ms"": 1293.107399949804}",how much money can I withdraw at the ATM,0.5555555555555556,voskadapter
atm_limit_03.wav,1,1424.344199942425,what is my limit at the hm,"{""model_path"": ""bench/models/vosk/vosk-model-small-en-us-0.15"", ""device"": ""cpu"", ""latency_ms"": 1189.8027999559417}",what is my limit at the ATM,0.1428571428571428,voskadapter
atm_limit_03.wav,2,1466.0399000858888,what is my limit at the hm,"{""model_path"": ""bench/models/vosk/vosk-model-small-en-us-0.15"", ""device"": ""cpu"", ""latency_ms"": 1246.7822999460623}",what is my limit at the ATM,0.1428571428571428,voskadapter
atm_limit_03.wav,3,1485.2489000186324,what is my limit at the hm,"{""model_path"": ""bench/models/vosk/vosk-model-small-en-us-0.15"", ""device"": ""cpu"", ""latency_ms"": 1255.2429999923334}",what is my limit at the ATM,0.1428571428571428,voskadapter
balance_01.wav,1,1517.122899997048,he my count bella,"{""model_path"": ""bench/models/vosk/vosk-model-small-en-us-0.15"", ""device"": ""cpu"", ""latency_ms"": 1306.6709000850096}",can you see my account balance,0.8333333333333334,voskadapter
balance_01.wav,2,1498.557599959895,in my count bella,"{""model_path"": ""bench/models/vosk/vosk-model-small-en-us-0.15"", ""device"": ""cpu"", ""latency_ms"": 1268.369600060396}",can you see my account balance,0.8333333333333334,voskadapter
balance_01.wav,3,1476.6592000378296,in my count bella,"{""model_path"": ""bench/models/vosk/vosk-model-small-en-us-0.15"", ""device"": ""cpu"", ""latency_ms"": 1226.6554000088945}",can you see my account balance,0.8333333333333334,voskadapter
balance_02.wav,1,1267.2085999511182,what is my account balance,"{""model_path"": ""bench/models/vosk/vosk-model-small-en-us-0.15"", ""device"": ""cpu"", ""latency_ms"": 1048.2889999402687}",what is my account balance,0.0,voskadapter
balance_02.wav,2,1265.0901000015438,what is my account balance,"{""model_path"": ""bench/models/vosk/vosk-model-small-en-us-0.15"", ""device"": ""cpu"", ""latency_ms"": 1044.2259999690577}",what is my account balance,0.0,voskadapter
balance_02.wav,3,1331.3506999984384,what is my account balance,"{""model_path"": ""bench/models/vosk/vosk-model-small-en-us-0.15"", ""device"": ""cpu"", ""latency_ms"": 1087.8494998905808}",what is my account balance,0.0,voskadapter
balance_03.wav,1,1297.862600069493,show me my account balance,"{""model_path"": ""bench/models/vosk/vosk-model-small-en-us-0.15"", ""device"": ""cpu"", ""latency_ms"": 1056.4676000503823}",show me my account balance,0.0,voskadapter
balance_03.wav,2,1284.3820999842137,show me my account balance,"{""model_path"": ""bench/models/vosk/vosk-model-small-en-us-0.15"", ""device"": ""cpu"", ""latency_ms"": 1061.3809999777004}",show me my account balance,0.0,voskadapter
balance_03.wav,3,1275.8328000782058,show me my account balance,"{""model_path"": ""bench/models/vosk/vosk-model-small-en-us-0.15"", ""device"": ""cpu"", ""latency_ms"": 1051.856099977158}",show me my account balance,0.0,voskadapter
balance_04.wav,1,1423.8505000248551,i would like to know what my current account balance shows,"{""model_path"": ""bench/models/vosk/vosk-model-small-en-us-0.15"", ""device"": ""cpu"", ""latency_ms"": 1204.7889000969008}",I would like to know what my current account balance shows,0.0,voskadapter
balance_04.wav,2,1514.3385999836028,i would like to know what my current account balance shows,"{""model_path"": ""bench/models/vosk/vosk-model-small-en-us-0.15"", ""device"": ""cpu"", ""latency_ms"": 1273.144799983129}",I would like to know what my current account balance shows,0.0,voskadapter
balance_04.wav,3,1481.9698000792414,i would like to know what my current account balance shows,"{""model_path"": ""bench/models/vosk/vosk-model-small-en-us-0.15"", ""device"": ""cpu"", ""latency_ms"": 1264.5301000447944}",I would like to know what my current account balance shows,0.0,voskadapter
balance_05.wav,1,1262.822899967432,what's my current balance,"{""model_path"": ""bench/models/vosk/vosk-model-small-en-us-0.15"", ""device"": ""cpu"", ""latency_ms"": 1045.5845000687987}",what's my current balance,0.0,voskadapter
balance_05.wav,2,1214.257700019516,what's my current balance,"{""model_path"": ""bench/models/vosk/vosk-model-small-en-us-0.15"", ""device"": ""cpu"", ""latency_ms"": 1000.3540000179783}",what's my current balance,0.0,voskadapter
balance_05.wav,3,1236.902600037865,what's my current balance,"{""model_path"": ""bench/models/vosk/vosk-model-small-en-us-0.15"", ""device"": ""cpu"", ""latency_ms"": 1001.4085000148043}",what's my current balance,0.0,voskadapter
balance_06.wav,1,1147.8863999946043,account balance,"{""model_path"": ""bench/models/vosk/vosk-model-small-en-us-0.15"", ""device"": ""cpu"", ""latency_ms"": 940.7234999816865}",account balance,0.0,voskadapter
balance_06.wav,2,1139.2059000208974,account balance,"{""model_path"": ""bench/models/vosk/vosk-model-small-en-us-0.15"", ""device"": ""cpu"", ""latency_ms"": 926.6524000559002}",account balance,0.0,voskadapter
balance_06.wav,3,1160.472400020808,account balance,"{""model_path"": ""bench/models/vosk/vosk-model-small-en-us-0.15"", ""device"": ""cpu"", ""latency_ms"": 963.0248999455944}",account balance,0.0,voskadapter
balance_07.wav,1,1363.466100068763,show me my account balance please,"{""model_path"": ""bench/models/vosk/vosk-model-small-en-us-0.15"", ""device"": ""cpu"", ""latency_ms"": 1142.892799922265}",show me my account balance please,0.0,voskadapter
balance_07.wav,2,1362.3209000797942,show me my account balance please,"{""model_path"": ""bench/models/vosk/vosk-model-small-en-us-0.15"", ""device"": ""cpu"", ""latency_ms"": 1138.5208999272436}",show me my account balance please,0.0,voskadapter
balance_07.wav,3,1340.0553000392392,show me my account balance please,"{""model_path"": ""bench/models/vosk/vosk-model-small-en-us-0.15"", ""device"": ""cpu"", ""latency_ms"": 1142.7744999527931}",show me my account balance please,0.0,voskadapter
balance_08.wav,1,1409.8700999747962,show me my account balance,"{""model_path"": ""bench/models/vosk/vosk-model-small-en-us-0.15"", ""device"": ""cpu"", ""latency_ms"": 1200.8910999866202}",show me my account balance,0.0,voskadapter
balance_08.wav,2,1369.2246000282466,show me my account balance,"{""model_path"": ""bench/models/vosk/vosk-model-small-en-us-0.15"", ""device"": ""cpu"", ""latency_ms"": 1158.3304000087082}",show me my account balance,0.0,voskadapter
balance_08.wav,3,1340.1532999705523,show me my account balance,"{""model_path"": ""bench/models/vosk/vosk-model-small-en-us-0.15"", ""device"": ""cpu"", ""latency_ms"": 1133.1535999197513}",show me my account balance,0.0,voskadapter
balance_09.wav,1,1992.14949994348,it i see my account balance please,"{""model_path"": ""bench/models/vosk/vosk-model-small-en-us-0.15"", ""device"": ""cpu"", ""latency_ms"": 1788.2623999612406}",can I see my account balance please,0.1428571428571428,voskadapter
balance_09.wav,2,1748.6944999545813,it i see my account balance please,"{""model_path"": ""bench/models/vosk/vosk-model-small-en-us-0.15"", ""device"": ""cpu"", ""latency_ms"": 1501.5865999739617}",can I see my account balance please,0.1428571428571428,voskadapter
balance_09.wav,3,1553.245299961418,it i see my account balance please,"{""model_path"": ""bench/models/vosk/vosk-model-small-en-us-0.15"", ""device"": ""cpu"", ""latency_ms"": 1321.581199998036}",can I see my account balance please,0.1428571428571428,voskadapter
balance_10.wav,1,1814.5435999613253,he filled a my current account out,"{""model_path"": ""bench/models/vosk/vosk-model-small-en-us-0.15"", ""device"": ""cpu"", ""latency_ms"": 1575.561900041066}",show me my current account balance,0.6666666666666666,voskadapter
balance_10.wav,2,1645.464599947445,he filled a my current account out,"{""model_path"": ""bench/models/vosk/vosk-model-small-en-us-0.15"", ""device"": ""cpu"", ""latency_ms"": 1421.6960000339895}",show me my current account balance,0.6666666666666666,voskadapter
balance_10.wav,3,1657.8818999696523,he filled a my current account out,"{""model_path"": ""bench/models/vosk/vosk-model-small-en-us-0.15"", ""device"": ""cpu"", ""latency_ms"": 1407.527899951674}",show me my current account balance,0.6666666666666666,voskadapter
card_issues_01.wav,1,1296.3583000237122,one is my card declined,"{""model_path"": ""bench/models/vosk/vosk-model-small-en-us-0.15"", ""device"": ""cpu"", ""latency_ms"": 1100.7905000587925}",why was my card declined,0.4,voskadapter
card_issues_01.wav,2,1312.639300012961,one is my card declined,"{""model_path"": ""bench/models/vosk/vosk-model-small-en-us-0.15"", ""device"": ""cpu"", ""latency_ms"": 1107.531200046651}",why was my card declined,0.4,voskadapter
card_issues_01.wav,3,1255.905200028792,one is my card declined,"{""model_path"": ""bench/models/vosk/vosk-model-small-en-us-0.15"", ""device"": ""cpu"", ""latency_ms"": 1044.7931999806315}",why was my card declined,0.4,voskadapter
card_issues_02.wav,1,1545.101399999112,i need help activating might cause,"{""model_path"": ""bench/models/vosk/vosk-model-small-en-us-0.15"", ""device"": ""cpu"", ""latency_ms"": 1332.113900105469}",I need help activating my scars,0.3333333333333333,voskadapter
card_issues_02.wav,2,1611.6128000430765,i need help activating might cause,"{""model_path"": ""bench/models/vosk/vosk-model-small-en-us-0.15"", ""device"": ""cpu"", ""latency_ms"": 1340.0048000039533}",I need help activating my scars,0.3333333333333333,voskadapter
card_issues_02.wav,3,2549.475900013931,i need help activating might cause,"{""model_path"": ""bench/models/vosk/vosk-model-small-en-us-0.15"", ""device"": ""cpu"", ""latency_ms"": 2253.240999998525}",I need help activating my scars,0.3333333333333333,voskadapter
card_issues_03.wav,1,2054.028599988669,hard not working,"{""model_path"": ""bench/models/vosk/vosk-model-small-en-us-0.15"", ""device"": ""cpu"", ""latency_ms"": 1700.0664999941364}",card not working,0.3333333333333333,voskadapter
card_issues_03.wav,2,2030.5850999429824,hard not working,"{""model_path"": ""bench/models/vosk/vosk-model-small-en-us-0.15"", ""device"": ""cpu"", ""latency_ms"": 1673.2261999277398}",card not working,0.3333333333333333,voskadapter
card_issues_03.wav,3,2019.317500060424,hard not working,"{""model_path"": ""bench/models/vosk/vosk-model-small-en-us-0.15"", ""device"": ""cpu"", ""latency_ms"": 1658.555900095962}",card not working,0.3333333333333333,voskadapter
card_issues_04.wav,1,2474.763499922119,my part of the working,"{""model_path"": ""bench/models/vosk/vosk-model-small-en-us-0.15"", ""device"": ""cpu"", ""latency_ms"": 2086.246900027618}",my card isn't working,0.75,voskadapter
card_issues_04.wav,2,2199.369299924001,my part of the working,"{""model_path"": ""bench/models/vosk/vosk-model-small-en-us-0.15"", ""device"": ""cpu"", ""latency_ms"": 1828.081600018777}",my card isn't working,0.75,voskadapter
card_issues_04.wav,3,2155.7311998913065,my part of the working,"{""model_path"": ""bench/models/vosk/vosk-model-small-en-us-0.15"", ""device"": ""cpu"", ""latency_ms"": 1792.710299952887}",my card isn't working,0.75,voskadapter
card_issues_05.wav,1,2541.3310999283567,trying to figure out why my payment was declined,"{""model_path"": ""bench/models/vosk/vosk-model-small-en-us-0.15"", ""device"": ""cpu"", ""latency_ms"": 2164.5062000025064}",trying to figure out why my payment was declined,0.0,voskadapter
card_issues_05.wav,2,2493.099300074391,trying to figure out why my payment was declined,"{""model_path"": ""bench/models/vosk/vosk-model-small-en-us-0.15"", ""device"": ""cpu"", ""latency_ms"": 2120.3767999541014}",trying to figure out why my payment was declined,0.0,voskadapter
card_issues_05.wav,3,2578.809800092131,trying to figure out why my payment was declined,"{""model_path"": ""bench/models/vosk/vosk-model-small-en-us-0.15"", ""device"": ""cpu"", ""latency_ms"": 2212.427500053309}",trying to figure out why my payment was declined,0.0,voskadapter
cash_deposit_01.wav,1,2526.4735999517143,hardaway deposit money into my account,"{""model_path"": ""bench/models/vosk/vosk-model-small-en-us-0.15"", ""device"": ""cpu"", ""latency_ms"": 2156.8280000938103}",how do I deposit money into my account,0.375,voskadapter
cash_deposit_01.wav,2,2527.2991999518126,hardaway deposit money into my account,"{""model_path"": ""bench/models/vosk/vosk-model-small-en-us-0.15"", ""device"": ""cpu"", ""latency_ms"": 2157.356899930164}",how do I deposit money into my account,0.375,voskadapter
cash_deposit_01.wav,3,2483.642700011842,hardaway deposit money into my account,"{""model_path"": ""bench/models/vosk/vosk-model-small-en-us-0.15"", ""device"": ""cpu"", ""latency_ms"": 2120.362100074999}",how do I deposit money into my account,0.375,voskadapter
cash_deposit_02.wav,1,2505.25310006924,would like to deposit money into my account,"{""model_path"": ""bench/models/vosk/vosk-model-small-en-us-0.15"", ""device"": ""cpu"", ""latency_ms"": 2143.5493000317365}",would you like to deposit money into my account,0.1111111111111111,voskadapter
cash_deposit_02.wav,2,2502.8111999854445,would like to deposit money into my account,"{""model_path"": ""bench/models/vosk/vosk-model-small-en-us-0.15"", ""device"": ""cpu"", ""latency_ms"": 2117.596699972637}",would you like to deposit money into my account,0.1111111111111111,voskadapter
cash_deposit_02.wav,3,2530.731900013052,would like to deposit money into my account,"{""model_path"": ""bench/models/vosk/vosk-model-small-en-us-0.15"", ""device"": ""cpu"", ""latency_ms"": 2139.6104999585077}",would you like to deposit money into my account,0.1111111111111111,voskadapter
cash_deposit_03.wav,1,2346.1484001018107,how do i deposit money into my account,"{""model_path"": ""bench/models/vosk/vosk-model-small-en-us-0.15"", ""device"": ""cpu"", ""latency_ms"": 1972.6398000493646}",how do I deposit money into my account,0.0,voskadapter
cash_deposit_03.wav,2,2363.986400072463,how do i deposit money into my account,"{""model_path"": ""bench/models/vosk/vosk-model-small-en-us-0.15"", ""device"": ""cpu"", ""latency_ms"": 1995.5973000032827}",how do I deposit money into my account,0.0,voskadapter
cash_deposit_03.wav,3,2338.972700061277,how do i deposit money into my account,"{""model_path"": ""bench/models/vosk/vosk-model-small-en-us-0.15"", ""device"": ""cpu"", ""latency_ms"": 1976.867699995637}",how do I deposit money into my account,0.0,voskadapter
cash_deposit_04.wav,1,2152.0395999541506,can i make a deposit,"{""model_path"": ""bench/models/vosk/vosk-model-small-en-us-0.15"", ""device"": ""cpu"", ""latency_ms"": 1771.2100999196991}",can I make a deposit,0.0,voskadapter
cash_deposit_04.wav,2,2129.8482000129297,can i make a deposit,"{""model_path"": ""bench/models/vosk/vosk-model-small-en-us-0.15"", ""device"": ""cpu"", ""latency_ms"": 1743.144000065513}",can I make a deposit,0.0,voskadapter
cash_deposit_04.wav,3,2437.442099908367,can i make a deposit,"{""model_path"": ""bench/models/vosk/vosk-model-small-en-us-0.15"", ""device"": ""cpu"", ""latency_ms"": 2064.4881000043824}",can I make a deposit,0.0,voskadapter
cash_deposit_05.wav,1,2673.237500013784,i want deposit money into my savings account,"{""model_path"": ""bench/models/vosk/vosk-model-small-en-us-0.15"", ""device"": ""cpu"", ""latency_ms"": 2288.1984000559896}",hi I want to deposit money into my savings account,0.2,voskadapter
cash_deposit_05.wav,2,2884.415599983185,i want deposit money into my savings account,"{""model_path"": ""bench/models/vosk/vosk-model-small-en-us-0.15"", ""device"": ""cpu"", ""latency_ms"": 2507.1024999488145}",hi I want to deposit money into my savings account,0.2,voskadapter
cash_deposit_05.wav,3,2787.8093000035733,i want deposit money into my savings account,"{""model_path"": ""bench/models/vosk/vosk-model-small-en-us-0.15"", ""device"": ""cpu"", ""latency_ms"": 2409.4835000578314}",hi I want to deposit money into my savings account,0.2,voskadapter
cash_deposit_06.wav,1,2220.8105000900105,i'd like to make a deposit,"{""model_path"": ""bench/models/vosk/vosk-model-small-en-us-0.15"", ""device"": ""cpu"", ""latency_ms"": 1845.934799988754}",I'd like to make a deposit,0.0,voskadapter
cash_deposit_06.wav,2,2064.259500009939,i'd like to make a deposit,"{""model_path"": ""bench/models/vosk/vosk-model-small-en-us-0.15"", ""device"": ""cpu"", ""latency_ms"": 1679.6112000010908}",I'd like to make a deposit,0.0,voskadapter
cash_deposit_06.wav,3,1985.9856999246404,i'd like to make a deposit,"{""model_path"": ""bench/models/vosk/vosk-model-small-en-us-0.15"", ""device"": ""cpu"", ""latency_ms"": 1610.3330999612808}",I'd like to make a deposit,0.0,voskadapter
cash_deposit_07.wav,1,2780.165900010616,deposit money into account,"{""model_path"": ""bench/models/vosk/vosk-model-small-en-us-0.15"", ""device"": ""cpu"", ""latency_ms"": 2418.6570999445394}",deposit money into account,0.0,voskadapter
cash_deposit_07.wav,2,2850.0216000247747,deposit money into account,"{""model_path"": ""bench/models/vosk/vosk-model-small-en-us-0.15"", ""device"": ""cpu"", ""latency_ms"": 2466.370000038296}",deposit money into account,0.0,voskadapter
cash_deposit_07.wav,3,2745.7897000713274,deposit money into account,"{""model_path"": ""bench/models/vosk/vosk-model-small-en-us-0.15"", ""device"": ""cpu"", ""latency_ms"": 2378.4515999723226}",deposit money into account,0.0,voskadapter
cash_deposit_08.wav,1,2860.808299970813,how can i deposit money,"{""model_path"": ""bench/models/vosk/vosk-model-small-en-us-0.15"", ""device"": ""cpu"", ""latency_ms"": 2472.681100014597}",where can I deposit money,0.2,voskadapter
cash_deposit_08.wav,2,2803.972100024112,how can i deposit money,"{""model_path"": ""bench/models/vosk/vosk-model-small-en-us-0.15"", ""device"": ""cpu"", ""latency_ms"": 2418.7753999140114}",where can I deposit money,0.2,voskadapter
cash_deposit_08.wav,3,2770.786300068721,how can i deposit money,"{""model_path"": ""bench/models/vosk/vosk-model-small-en-us-0.15"", ""device"": ""cpu"", ""latency_ms"": 2392.861400032416}",where can I deposit money,0.2,voskadapter
cash_deposit_09.wav,1,2495.3676000004634,how can i make a deposit,"{""model_path"": ""bench/models/vosk/vosk-model-small-en-us-0.15"", ""device"": ""cpu"", ""latency_ms"": 2116.966500063427}",how can I make a deposit,0.0,voskadapter
cash_deposit_09.wav,2,2546.866099932231,how can i make a deposit,"{""model_path"": ""bench/models/vosk/vosk-model-small-en-us-0.15"", ""device"": ""cpu"", ""latency_ms"": 2175.1830999273807}",how can I make a deposit,0.0,voskadapter
cash_deposit_09.wav,3,2553.130400017835,how can i make a deposit,"{""model_path"": ""bench/models/vosk/vosk-model-small-en-us-0.15"", ""device"": ""cpu"", ""latency_ms"": 2171.49530001916}",how can I make a deposit,0.0,voskadapter
cash_deposit_10.wav,1,3016.871300060302,i'd like to the power that money into my account,"{""model_path"": ""bench/models/vosk/vosk-model-small-en-us-0.15"", ""device"": ""cpu"", ""latency_ms"": 2643.8627999741584}",I'd like to deposit money into my account,0.375,voskadapter
cash_deposit_10.wav,2,3106.5833000466228,i'd like to the power that money into my account,"{""model_path"": ""bench/models/vosk/vosk-model-small-en-us-0.15"", ""device"": ""cpu"", ""latency_ms"": 2696.131599950604}",I'd like to deposit money into my account,0.375,voskadapter
cash_deposit_10.wav,3,3395.6195999635383,i'd like to the power that money into my account,"{""model_path"": ""bench/models/vosk/vosk-model-small-en-us-0.15"", ""device"": ""cpu"", ""latency_ms"": 3001.9907999085262}",I'd like to deposit money into my account,0.375,voskadapter
latest_transactions_01.wav,1,3187.926299986429,i'm about recent transaction for my card,"{""model_path"": ""bench/models/vosk/vosk-model-small-en-us-0.15"", ""device"": ""cpu"", ""latency_ms"": 2770.0840000761673}",tell me about recent transactions on my card,0.5,voskadapter
latest_transactions_01.wav,2,2922.529499977827,i'm about recent transactions for my card,"{""model_path"": ""bench/models/vosk/vosk-model-small-en-us-0.15"", ""device"": ""cpu"", ""latency_ms"": 2519.271400058642}",tell me about recent transactions on my card,0.375,voskadapter
latest_transactions_01.wav,3,3056.9998999126256,i'm wrong about recent transaction for my card,"{""model_path"": ""bench/models/vosk/vosk-model-small-en-us-0.15"", ""device"": ""cpu"", ""latency_ms"": 2655.7327000191435}",tell me about recent transactions on my card,0.5,voskadapter
latest_transactions_02.wav,1,2861.808100016788,please show me my latest transactions,"{""model_path"": ""bench/models/vosk/vosk-model-small-en-us-0.15"", ""device"": ""cpu"", ""latency_ms"": 2431.8610999034718}",please show me my latest transactions,0.0,voskadapter
latest_transactions_02.wav,2,2424.365400103852,please show me my latest transactions,"{""model_path"": ""bench/models/vosk/vosk-model-small-en-us-0.15"", ""device"": ""cpu"", ""latency_ms"": 2031.92889993079}",please show me my latest transactions,0.0,voskadapter
latest_transactions_02.wav,3,2315.9931999398395,please show me my latest transactions,"{""model_path"": ""bench/models/vosk/vosk-model-small-en-us-0.15"", ""device"": ""cpu"", ""latency_ms"": 1932.6586000388488}",please show me my latest transactions,0.0,voskadapter
latest_transactions_03.wav,1,2457.524200086482,show me my recent transactions,"{""model_path"": ""bench/models/vosk/vosk-model-small-en-us-0.15"", ""device"": ""cpu"", ""latency_ms"": 2085.3065999690443}",show me my recent transactions,0.0,voskadapter
latest_transactions_03.wav,2,2478.9467999944463,show me my recent transactions,"{""model_path"": ""bench/models/vosk/vosk-model-small-en-us-0.15"", ""device"": ""cpu"", ""latency_ms"": 2098.2837999472395}",show me my recent transactions,0.0,voskadapter
latest_transactions_03.wav,3,2453.298700042069,show me my recent transaction,"{""model_path"": ""bench/models/vosk/vosk-model-small-en-us-0.15"", ""device"": ""cpu"", ""latency_ms"": 2071.388200041838}",show me my recent transactions,0.2,voskadapter
pay_bill_01.wav,1,2727.019099984318,i think the make a payment on the film,"{""model_path"": ""bench/models/vosk/vosk-model-small-en-us-0.15"", ""device"": ""cpu"", ""latency_ms"": 2328.230500104837}",epic to make a payment on the bill,0.5,voskadapter
pay_bill_01.wav,2,2959.0237999800597,i think the make a payment on the film,"{""model_path"": ""bench/models/vosk/vosk-model-small-en-us-0.15"", ""device"": ""cpu"", ""latency_ms"": 2573.9465999649838}",epic to make a payment on the bill,0.5,voskadapter
pay_bill_01.wav,3,1913.365000043996,i think the make a payment on the film,"{""model_path"": ""bench/models/vosk/vosk-model-small-en-us-0.15"", ""device"": ""cpu"", ""latency_ms"": 1512.3312999494374}",epic to make a payment on the bill,0.5,voskadapter
pay_bill_02.wav,1,2487.7239000052214,i want to make an online bill payment,"{""model_path"": ""bench/models/vosk/vosk-model-small-en-us-0.15"", ""device"": ""cpu"", ""latency_ms"": 2076.2243000790477}",I want to make an online bill payment,0.0,voskadapter
pay_bill_02.wav,2,2169.6992000797763,i want to make an online bill payment,"{""model_path"": ""bench/models/vosk/vosk-model-small-en-us-0.15"", ""device"": ""cpu"", ""latency_ms"": 1782.2824999457225}",I want to make an online bill payment,0.0,voskadapter
pay_bill_02.wav,3,2253.9405999705195,i want to make an online bill payment,"{""model_path"": ""bench/models/vosk/vosk-model-small-en-us-0.15"", ""device"": ""cpu"", ""latency_ms"": 1885.858399909921}",I want to make an online bill payment,0.0,voskadapter
pay_bill_03.wav,1,2305.734800058417,i would like to make a bill payment,"{""model_path"": ""bench/models/vosk/vosk-model-small-en-us-0.15"", ""device"": ""cpu"", ""latency_ms"": 1944.236999959685}",I would like to make a down payment,0.125,voskadapter
pay_bill_03.wav,2,2340.2440999634564,i would like to make a bill payment,"{""model_path"": ""bench/models/vosk/vosk-model-small-en-us-0.15"", ""device"": ""cpu"", ""latency_ms"": 1967.8118999581784}",I would like to make a down payment,0.125,voskadapter
pay_bill_03.wav,3,2374.7179999481887,i would like to make a bill payment,"{""model_path"": ""bench/models/vosk/vosk-model-small-en-us-0.15"", ""device"": ""cpu"", ""latency_ms"": 2007.4395999545231}",I would like to make a down payment,0.125,voskadapter
pay_bill_04.wav,1,1955.194600042887,i need to make a payment,"{""model_path"": ""bench/models/vosk/vosk-model-small-en-us-0.15"", ""device"": ""cpu"", ""latency_ms"": 1589.7689000703394}",I need to make a payment,0.0,voskadapter
pay_bill_04.wav,2,2029.5122999232265,i need to make a payment,"{""model_path"": ""bench/models/vosk/vosk-model-small-en-us-0.15"", ""device"": ""cpu"", ""latency_ms"": 1669.756600051187}",I need to make a payment,0.0,voskadapter
pay_bill_04.wav,3,2004.4159999815747,i need to make a payment,"{""model_path"": ""bench/models/vosk/vosk-model-small-en-us-0.15"", ""device"": ""cpu"", ""latency_ms"": 1643.8126999419183}",I need to make a payment,0.0,voskadapter
pay_bill_05.wav,1,1963.317400077358,make a bill payment,"{""model_path"": ""bench/models/vosk/vosk-model-small-en-us-0.15"", ""device"": ""cpu"", ""latency_ms"": 1582.1054000407457}",make a bill payment,0.0,voskadapter
pay_bill_05.wav,2,2036.092899972573,make a bill payment,"{""model_path"": ""bench/models/vosk/vosk-model-small-en-us-0.15"", ""device"": ""cpu"", ""latency_ms"": 1660.427000024356}",make a bill payment,0.0,voskadapter
pay_bill_05.wav,3,1968.4821999398991,make a bill payment,"{""model_path"": ""bench/models/vosk/vosk-model-small-en-us-0.15"", ""device"": ""cpu"", ""latency_ms"": 1602.055500028655}",make a bill payment,0.0,voskadapter
pay_bill_06.wav,1,2090.3185000643134,i'd like to make a payment,"{""model_path"": ""bench/models/vosk/vosk-model-small-en-us-0.15"", ""device"": ""cpu"", ""latency_ms"": 1724.9603999080136}",I'd like to make a payment,0.0,voskadapter
pay_bill_06.wav,2,2134.1757000191137,i'd like to make a payment,"{""model_path"": ""bench/models/vosk/vosk-model-small-en-us-0.15"", ""device"": ""cpu"", ""latency_ms"": 1766.7956000659615}",I'd like to make a payment,0.0,voskadapter
pay_bill_06.wav,3,2081.3495999900624,i'd like to make a payment,"{""model_path"": ""bench/models/vosk/vosk-model-small-en-us-0.15"", ""device"": ""cpu"", ""latency_ms"": 1725.029999972321}",I'd like to make a payment,0.0,voskadapter
pay_bill_07.wav,1,1863.185800029896,my bills or do,"{""model_path"": ""bench/models/vosk/vosk-model-small-en-us-0.15"", ""device"": ""cpu"", ""latency_ms"": 1474.5372999459505}",my bills are due,0.5,voskadapter
pay_bill_07.wav,2,1875.388800050132,my bills or do,"{""model_path"": ""bench/models/vosk/vosk-model-small-en-us-0.15"", ""device"": ""cpu"", ""latency_ms"": 1516.8247999390587}",my bills are due,0.5,voskadapter
pay_bill_07.wav,3,1903.066600090824,my bills do,"{""model_path"": ""bench/models/vosk/vosk-model-small-en-us-0.15"", ""device"": ""cpu"", ""latency_ms"": 1543.025300023146}",my bills are due,0.5,voskadapter
pay_bill_08.wav,1,2341.028099996038,wanna pay off my entire balance,"{""model_path"": ""bench/models/vosk/vosk-model-small-en-us-0.15"", ""device"": ""cpu"", ""latency_ms"": 1976.497899973765}",I want to pay off my entire balance,0.375,voskadapter
pay_bill_08.wav,2,2339.1609999816865,wanna pay off my entire balance,"{""model_path"": ""bench/models/vosk/vosk-model-small-en-us-0.15"", ""device"": ""cpu"", ""latency_ms"": 1977.68809995614}",I want to pay off my entire balance,0.375,voskadapter
pay_bill_08.wav,3,2323.418500018306,wanna pay off my entire balance,"{""model_path"": ""bench/models/vosk/vosk-model-small-en-us-0.15"", ""device"": ""cpu"", ""latency_ms"": 1957.3508000466973}",I want to pay off my entire balance,0.375,voskadapter
pay_bill_09.wav,1,1984.0032999636603,i would like to make a payment,"{""model_path"": ""bench/models/vosk/vosk-model-small-en-us-0.15"", ""device"": ""cpu"", ""latency_ms"": 1621.269700000994}",I would like to make a payment,0.0,voskadapter
pay_bill_09.wav,2,1937.2311000479383,i would like to make a payment,"{""model_path"": ""bench/models/vosk/vosk-model-small-en-us-0.15"", ""device"": ""cpu"", ""latency_ms"": 1562.5367999309674}",I would like to make a payment,0.0,voskadapter
pay_bill_09.wav,3,1957.4392000213263,i would like to make a payment,"{""model_path"": ""bench/models/vosk/vosk-model-small-en-us-0.15"", ""device"": ""cpu"", ""latency_ms"": 1581.9676000392064}",I would like to make a payment,0.0,voskadapter
pay_bill_10.wav,1,1977.61000005994,i'd like to pay my bill,"{""model_path"": ""bench/models/vosk/vosk-model-small-en-us-0.15"", ""device"": ""cpu"", ""latency_ms"": 1621.5062000555918}",I'd like to pay my bill,0.0,voskadapter
pay_bill_10.wav,2,1972.1818999387324,i'd like to pay my bill,"{""model_path"": ""bench/models/vosk/vosk-model-small-en-us-0.15"", ""device"": ""cpu"", ""latency_ms"": 1600.4386999411508}",I'd like to pay my bill,0.0,voskadapter
pay_bill_10.wav,3,1999.241799931042,i'd like to pay my bill,"{""model_path"": ""bench/models/vosk/vosk-model-small-en-us-0.15"", ""device"": ""cpu"", ""latency_ms"": 1636.0989999957383}",I'd like to pay my bill,0.0,voskadapter
atm_limit_01.wav,1,3351.339900051244,How much money can I take out at the ATM?,"{""model_size"": ""small"", ""device"": ""cpu"", ""latency_ms"": 3351.3258000602946}",how much money can I take out at the ATM,0.0,whisperadapter
atm_limit_01.wav,2,3439.28789999336,How much money can I take out at the ATM?,"{""model_size"": ""small"", ""device"": ""cpu"", ""latency_ms"": 3439.276200020686}",how much money can I take out at the ATM,0.0,whisperadapter
atm_limit_01.wav,3,3065.30809996184,How much money can I take out at the ATM?,"{""model_size"": ""small"", ""device"": ""cpu"", ""latency_ms"": 3065.2968999929726}",how much money can I take out at the ATM,0.0,whisperadapter
atm_limit_02.wav,1,3422.641500015743,How much money can I withdraw at the ATM?,"{""model_size"": ""small"", ""device"": ""cpu"", ""latency_ms"": 3422.627200023271}",how much money can I withdraw at the ATM,0.0,whisperadapter
atm_limit_02.wav,2,3237.436799914576,How much money can I withdraw at the ATM?,"{""model_size"": ""small"", ""device"": ""cpu"", ""latency_ms"": 3237.4262999510393}",how much money can I withdraw at the ATM,0.0,whisperadapter
atm_limit_02.wav,3,3144.544899929315,How much money can I withdraw at the ATM?,"{""model_size"": ""small"", ""device"": ""cpu"", ""latency_ms"": 3144.534800085239}",how much money can I withdraw at the ATM,0.0,whisperadapter
atm_limit_03.wav,1,3075.197000056505,What is my limit at the ATM?,"{""model_size"": ""small"", ""device"": ""cpu"", ""latency_ms"": 3075.1836999552324}",what is my limit at the ATM,0.0,whisperadapter
atm_limit_03.wav,2,3155.875299940817,What is my limit at the ATM?,"{""model_size"": ""small"", ""device"": ""cpu"", ""latency_ms"": 3155.863600084558}",what is my limit at the ATM,0.0,whisperadapter
atm_limit_03.wav,3,3203.294300008565,What is my limit at the ATM?,"{""model_size"": ""small"", ""device"": ""cpu"", ""latency_ms"": 3203.2825999194756}",what is my limit at the ATM,0.0,whisperadapter
balance_01.wav,1,2913.484500022605,Can I see my count Bella?,"{""model_size"": ""small"", ""device"": ""cpu"", ""latency_ms"": 2913.4707999182865}",can you see my account balance,0.5,whisperadapter
balance_01.wav,2,3001.846699975431,Can I see my count Bella?,"{""model_size"": ""small"", ""device"": ""cpu"", ""latency_ms"": 3001.8350000027567}",can you see my account balance,0.5,whisperadapter
balance_01.wav,3,2955.0008999649435,Can I see my count Bella?,"{""model_size"": ""small"", ""device"": ""cpu"", ""latency_ms"": 2954.9894999945536}",can you see my account balance,0.5,whisperadapter
balance_02.wav,1,2760.739699937403,What is my account balance?,"{""model_size"": ""small"", ""device"": ""cpu"", ""latency_ms"": 2760.7273999601603}",what is my account balance,0.0,whisperadapter
balance_02.wav,2,2785.464199958369,What is my account balance?,"{""model_size"": ""small"", ""device"": ""cpu"", ""latency_ms"": 2785.4527999879792}",what is my account balance,0.0,whisperadapter
balance_02.wav,3,2761.6701000370085,What is my account balance?,"{""model_size"": ""small"", ""device"": ""cpu"", ""latency_ms"": 2761.65880006738}",what is my account balance,0.0,whisperadapter
balance_03.wav,1,2894.950899994001,Show me my account balance.,"{""model_size"": ""small"", ""device"": ""cpu"", ""latency_ms"": 2894.9368000030518}",show me my account balance,0.0,whisperadapter
balance_03.wav,2,2739.3425999907777,Show me my account balance.,"{""model_size"": ""small"", ""device"": ""cpu"", ""latency_ms"": 2739.331300021149}",show me my account balance,0.0,whisperadapter
balance_03.wav,3,2864.714900031686,Show me my account balance.,"{""model_size"": ""small"", ""device"": ""cpu"", ""latency_ms"": 2864.7054999601096}",show me my account balance,0.0,whisperadapter
balance_04.wav,1,3103.965900023468,I would like to know what my current account balance shows.,"{""model_size"": ""small"", ""device"": ""cpu"", ""latency_ms"": 3103.956300066784}",I would like to know what my current account balance shows,0.0,whisperadapter
balance_04.wav,2,3007.1379999862984,I would like to know what my current account balance shows.,"{""model_size"": ""small"", ""device"": ""cpu"", ""latency_ms"": 3007.1282000280917}",I would like to know what my current account balance shows,0.0,whisperadapter
balance_04.wav,3,2969.537700060755,I would like to know what my current account balance shows.,"{""model_size"": ""small"", ""device"": ""cpu"", ""latency_ms"": 2969.526599976234}",I would like to know what my current account balance shows,0.0,whisperadapter
balance_05.wav,1,2778.1971000367776,What's my current balance?,"{""model_size"": ""small"", ""device"": ""cpu"", ""latency_ms"": 2778.1865999568254}",what's my current balance,0.0,whisperadapter
balance_05.wav,2,2993.8782999524847,What's my current balance?,"{""model_size"": ""small"", ""device"": ""cpu"", ""latency_ms"": 2993.8656000886112}",what's my current balance,0.0,whisperadapter
balance_05.wav,3,2768.2454999303445,What's my current balance?,"{""model_size"": ""small"", ""device"": ""cpu"", ""latency_ms"": 2768.2353999698535}",what's my current balance,0.0,whisperadapter
balance_06.wav,1,2675.8034001104534,Account balance.,"{""model_size"": ""small"", ""device"": ""cpu"", ""latency_ms"": 2675.792900030501}",account balance,0.0,whisperadapter
balance_06.wav,2,2695.4612000845373,Account balance.,"{""model_size"": ""small"", ""device"": ""cpu"", ""latency_ms"": 2695.4506000038236}",account balance,0.0,whisperadapter
balance_06.wav,3,2611.284000100568,Account balance.,"{""model_size"": ""small"", ""device"": ""cpu"", ""latency_ms"": 2611.2750000320375}",account balance,0.0,whisperadapter
balance_07.wav,1,2809.012799989432,Show me my account balance please.,"{""model_size"": ""small"", ""device"": ""cpu"", ""latency_ms"": 2809.0030000312254}",show me my account balance please,0.0,whisperadapter
balance_07.wav,2,2831.888999906369,Show me my account balance please.,"{""model_size"": ""small"", ""device"": ""cpu"", ""latency_ms"": 2831.8791000638157}",show me my account balance please,0.0,whisperadapter
balance_07.wav,3,2861.708699958399,Show me my account balance please.,"{""model_size"": ""small"", ""device"": ""cpu"", ""latency_ms"": 2861.697299988009}",show me my account balance please,0.0,whisperadapter
balance_08.wav,1,2748.9025000249967,Show me my account balance.,"{""model_size"": ""small"", ""device"": ""cpu"", ""latency_ms"": 2748.8861000165343}",show me my account balance,0.0,whisperadapter
balance_08.wav,2,2844.7286000009626,Show me my account balance.,"{""model_size"": ""small"", ""device"": ""cpu"", ""latency_ms"": 2844.7183000389487}",show me my account balance,0.0,whisperadapter
balance_08.wav,3,2819.4347000680864,Show me my account balance.,"{""model_size"": ""small"", ""device"": ""cpu"", ""latency_ms"": 2819.425499998033}",show me my account balance,0.0,whisperadapter
balance_09.wav,1,3142.6059000659734,Could I see my account balance please?,"{""model_size"": ""small"", ""device"": ""cpu"", ""latency_ms"": 3142.5962999928743}",can I see my account balance please,0.1428571428571428,whisperadapter
balance_09.wav,2,3357.087100041099,Could I see my account balance please?,"{""model_size"": ""small"", ""device"": ""cpu"", ""latency_ms"": 3357.0784999756142}",can I see my account balance please,0.1428571428571428,whisperadapter
balance_09.wav,3,3384.3062999658287,Could I see my account balance please?,"{""model_size"": ""small"", ""device"": ""cpu"", ""latency_ms"": 3384.2962000053376}",can I see my account balance please,0.1428571428571428,whisperadapter
balance_10.wav,1,3173.4726999420677,You show me my current account balance.,"{""model_size"": ""small"", ""device"": ""cpu"", ""latency_ms"": 3173.457800061442}",show me my current account balance,0.1666666666666666,whisperadapter
balance_10.wav,2,2920.2721000183374,You show me my current account balance.,"{""model_size"": ""small"", ""device"": ""cpu"", ""latency_ms"": 2920.259900041856}",show me my current account balance,0.1666666666666666,whisperadapter
balance_10.wav,3,3377.852800069377,You show me my current account balance.,"{""model_size"": ""small"", ""device"": ""cpu"", ""latency_ms"": 3377.842799993232}",show me my current account balance,0.1666666666666666,whisperadapter
card_issues_01.wav,1,3141.7791000567377,Why was my card declined?,"{""model_size"": ""small"", ""device"": ""cpu"", ""latency_ms"": 3141.768299974501}",why was my card declined,0.0,whisperadapter
card_issues_01.wav,2,2754.791000043042,Why was my card declined?,"{""model_size"": ""small"", ""device"": ""cpu"", ""latency_ms"": 2754.7806999646127}",why was my card declined,0.0,whisperadapter
card_issues_01.wav,3,2853.8605999201536,Why was my card declined?,"{""model_size"": ""small"", ""device"": ""cpu"", ""latency_ms"": 2853.8511000806466}",why was my card declined,0.0,whisperadapter
card_issues_02.wav,1,2772.5785999791697,I need help activating my code.,"{""model_size"": ""small"", ""device"": ""cpu"", ""latency_ms"": 2772.568699903786}",I need help activating my scars,0.1666666666666666,whisperadapter
card_issues_02.wav,2,2759.867600048892,I need help activating my code.,"{""model_size"": ""small"", ""device"": ""cpu"", ""latency_ms"": 2759.8578999750316}",I need help activating my scars,0.1666666666666666,whisperadapter
card_issues_02.wav,3,2984.9439000245184,I need help activating my code.,"{""model_size"": ""small"", ""device"": ""cpu"", ""latency_ms"": 2984.932200051844}",I need help activating my scars,0.1666666666666666,whisperadapter
card_issues_03.wav,1,2676.269399933517,Card not working.,"{""model_size"": ""small"", ""device"": ""cpu"", ""latency_ms"": 2676.258600084111}",card not working,0.0,whisperadapter
card_issues_03.wav,2,2624.24649996683,Card not working.,"{""model_size"": ""small"", ""device"": ""cpu"", ""latency_ms"": 2624.237300013192}",card not working,0.0,whisperadapter
card_issues_03.wav,3,2779.9684000201523,Card not working.,"{""model_size"": ""small"", ""device"": ""cpu"", ""latency_ms"": 2779.9586000619456}",card not working,0.0,whisperadapter
card_issues_04.wav,1,2842.3038000473757,My card isn't working.,"{""model_size"": ""small"", ""device"": ""cpu"", ""latency_ms"": 2842.2935999697074}",my card isn't working,0.0,whisperadapter
card_issues_04.wav,2,2826.5182999894023,My card isn't working.,"{""model_size"": ""small"", ""device"": ""cpu"", ""latency_ms"": 2826.5058000106364}",my card isn't working,0.0,whisperadapter
card_issues_04.wav,3,2801.946399966255,My card isn't working.,"{""model_size"": ""small"", ""device"": ""cpu"", ""latency_ms"": 2801.9353999989107}",my card isn't working,0.0,whisperadapter
card_issues_05.wav,1,2968.2756999973208,trying to figure out why my payment was declined,"{""model_size"": ""small"", ""device"": ""cpu"", ""latency_ms"": 2968.265400035307}",trying to figure out why my payment was declined,0.0,whisperadapter
card_issues_05.wav,2,2982.5112000107765,trying to figure out why my payment was declined,"{""model_size"": ""small"", ""device"": ""cpu"", ""latency_ms"": 2982.5006999308243}",trying to figure out why my payment was declined,0.0,whisperadapter
card_issues_05.wav,3,2899.909400031902,trying to figure out why my payment was declined,"{""model_size"": ""small"", ""device"": ""cpu"", ""latency_ms"": 2899.8996999580413}",trying to figure out why my payment was declined,0.0,whisperadapter
cash_deposit_01.wav,1,3455.49469999969,How do I deposit money into my account?,"{""model_size"": ""small"", ""device"": ""cpu"", ""latency_ms"": 3455.4843000369146}",how do I deposit money into my account,0.0,whisperadapter
cash_deposit_01.wav,2,2884.446099982597,How do I deposit money into my account?,"{""model_size"": ""small"", ""device"": ""cpu"", ""latency_ms"": 2884.436299907975}",how do I deposit money into my account,0.0,whisperadapter
cash_deposit_01.wav,3,2577.751599950716,How do I deposit money into my account?,"{""model_size"": ""small"", ""device"": ""cpu"", ""latency_ms"": 2577.741999994032}",how do I deposit money into my account,0.0,whisperadapter
cash_deposit_02.wav,1,2266.9412000104785,I would like to deposit money into my account.,"{""model_size"": ""small"", ""device"": ""cpu"", ""latency_ms"": 2266.933499951847}",would you like to deposit money into my account,0.2222222222222222,whisperadapter
cash_deposit_02.wav,2,2516.932300059125,I would like to deposit money into my account.,"{""model_size"": ""small"", ""device"": ""cpu"", ""latency_ms"": 2516.9241999974474}",would you like to deposit money into my account,0.2222222222222222,whisperadapter
cash_deposit_02.wav,3,2401.422000024468,I would like to deposit money into my account.,"{""model_size"": ""small"", ""device"": ""cpu"", ""latency_ms"": 2401.413100073114}",would you like to deposit money into my account,0.2222222222222222,whisperadapter
cash_deposit_03.wav,1,3080.9713000198826,How do I deposit money into my account?,"{""model_size"": ""small"", ""device"": ""cpu"", ""latency_ms"": 3080.961799947545}",how do I deposit money into my account,0.0,whisperadapter
cash_deposit_03.wav,2,2929.232400027104,How do I deposit money into my account?,"{""model_size"": ""small"", ""device"": ""cpu"", ""latency_ms"": 2929.217700031586}",how do I deposit money into my account,0.0,whisperadapter
cash_deposit_03.wav,3,2887.933499994688,How do I deposit money into my account?,"{""model_size"": ""small"", ""device"": ""cpu"", ""latency_ms"": 2887.9231000319123}",how do I deposit money into my account,0.0,whisperadapter
cash_deposit_04.wav,1,2790.913400007412,Can I make a deposit?,"{""model_size"": ""small"", ""device"": ""cpu"", ""latency_ms"": 2790.9032999305055}",can I make a deposit,0.0,whisperadapter
cash_deposit_04.wav,2,2940.673499950208,Can I make a deposit?,"{""model_size"": ""small"", ""device"": ""cpu"", ""latency_ms"": 2940.6637999927625}",can I make a deposit,0.0,whisperadapter
cash_deposit_04.wav,3,2851.58770007547,Can I make a deposit?,"{""model_size"": ""small"", ""device"": ""cpu"", ""latency_ms"": 2851.5759999863803}",can I make a deposit,0.0,whisperadapter
cash_deposit_05.wav,1,3079.253099975176,"Hi, I want to deposit money into my savings account.","{""model_size"": ""small"", ""device"": ""cpu"", ""latency_ms"": 3079.241200000979}",hi I want to deposit money into my savings account,0.0,whisperadapter
cash_deposit_05.wav,2,3095.504500088282,"Hi, I want to deposit money into my savings account.","{""model_size"": ""small"", ""device"": ""cpu"", ""latency_ms"": 3095.493800006807}",hi I want to deposit money into my savings account,0.0,whisperadapter
cash_deposit_05.wav,3,3179.172100033611,"Hi, I want to deposit money into my savings account.","{""model_size"": ""small"", ""device"": ""cpu"", ""latency_ms"": 3179.1603999445215}",hi I want to deposit money into my savings account,0.0,whisperadapter
cash_deposit_06.wav,1,2823.8314000191167,I'd like to make a deposit.,"{""model_size"": ""small"", ""device"": ""cpu"", ""latency_ms"": 2823.8195999292657}",I'd like to make a deposit,0.0,whisperadapter
cash_deposit_06.wav,2,2834.1903999680653,I'd like to make a deposit.,"{""model_size"": ""small"", ""device"": ""cpu"", ""latency_ms"": 2834.1791999991983}",I'd like to make a deposit,0.0,whisperadapter
cash_deposit_06.wav,3,2912.7589999698102,I'd like to make a deposit.,"{""model_size"": ""small"", ""device"": ""cpu"", ""latency_ms"": 2912.7499000169337}",I'd like to make a deposit,0.0,whisperadapter
cash_deposit_07.wav,1,2761.799299973063,Deposit money into account.,"{""model_size"": ""small"", ""device"": ""cpu"", ""latency_ms"": 2761.7880000034347}",deposit money into account,0.0,whisperadapter
cash_deposit_07.wav,2,2822.941999998875,Deposit money into account.,"{""model_size"": ""small"", ""device"": ""cpu"", ""latency_ms"": 2822.9311000322923}",deposit money into account,0.0,whisperadapter
cash_deposit_07.wav,3,2808.695300016552,Deposit money into account.,"{""model_size"": ""small"", ""device"": ""cpu"", ""latency_ms"": 2808.6853000568226}",deposit money into account,0.0,whisperadapter
cash_deposit_08.wav,1,2829.2938000522554,Where can I deposit money?,"{""model_size"": ""small"", ""device"": ""cpu"", ""latency_ms"": 2829.2842999799177}",where can I deposit money,0.0,whisperadapter
cash_deposit_08.wav,2,2987.2129999566823,Where can I deposit money?,"{""model_size"": ""small"", ""device"": ""cpu"", ""latency_ms"": 2987.2031999984756}",where can I deposit money,0.0,whisperadapter
cash_deposit_08.wav,3,2761.119900038466,Where can I deposit money?,"{""model_size"": ""small"", ""device"": ""cpu"", ""latency_ms"": 2761.109699960798}",where can I deposit money,0.0,whisperadapter
cash_deposit_09.wav,1,2738.273099996149,How can I make a deposit?,"{""model_size"": ""small"", ""device"": ""cpu"", ""latency_ms"": 2738.262200029567}",how can I make a deposit,0.0,whisperadapter
cash_deposit_09.wav,2,2871.648200089112,How can I make a deposit?,"{""model_size"": ""small"", ""device"": ""cpu"", ""latency_ms"": 2871.6385000152513}",how can I make a deposit,0.0,whisperadapter
cash_deposit_09.wav,3,2902.053099940531,How can I make a deposit?,"{""model_size"": ""small"", ""device"": ""cpu"", ""latency_ms"": 2902.0429000956938}",how can I make a deposit,0.0,whisperadapter
cash_deposit_10.wav,1,3070.843599969521,I'd like to deposit money into my account.,"{""model_size"": ""small"", ""device"": ""cpu"", ""latency_ms"": 3070.8313999930397}",I'd like to deposit money into my account,0.0,whisperadapter
cash_deposit_10.wav,2,3187.7992999507114,I'd like to deposit money into my account.,"{""model_size"": ""small"", ""device"": ""cpu"", ""latency_ms"": 3187.7889001043513}",I'd like to deposit money into my account,0.0,whisperadapter
cash_deposit_10.wav,3,3140.2465999126434,I'd like to deposit money into my account.,"{""model_size"": ""small"", ""device"": ""cpu"", ""latency_ms"": 3140.2367000700906}",I'd like to deposit money into my account,0.0,whisperadapter
latest_transactions_01.wav,1,3013.740500085987,I'm talking about recent transactions on my card.,"{""model_size"": ""small"", ""device"": ""cpu"", ""latency_ms"": 3013.7299000052735}",tell me about recent transactions on my card,0.25,whisperadapter
latest_transactions_01.wav,2,2942.841299925931,I'm talking about recent transactions on my card.,"{""model_size"": ""small"", ""device"": ""cpu"", ""latency_ms"": 2942.8322000894696}",tell me about recent transactions on my card,0.25,whisperadapter
latest_transactions_01.wav,3,2985.191599931568,I'm talking about recent transactions on my card.,"{""model_size"": ""small"", ""device"": ""cpu"", ""latency_ms"": 2985.181099968031}",tell me about recent transactions on my card,0.25,whisperadapter
latest_transactions_02.wav,1,2851.9892999902368,Please show me my latest transactions.,"{""model_size"": ""small"", ""device"": ""cpu"", ""latency_ms"": 2851.977700018324}",please show me my latest transactions,0.0,whisperadapter
latest_transactions_02.wav,2,2788.278399966657,Please show me my latest transactions.,"{""model_size"": ""small"", ""device"": ""cpu"", ""latency_ms"": 2788.266899995506}",please show me my latest transactions,0.0,whisperadapter
latest_transactions_02.wav,3,2772.823900100775,Please show me my latest transactions.,"{""model_size"": ""small"", ""device"": ""cpu"", ""latency_ms"": 2772.8117000078782}",please show me my latest transactions,0.0,whisperadapter
latest_transactions_03.wav,1,2765.426700003445,Show me my recent transactions.,"{""model_size"": ""small"", ""device"": ""cpu"", ""latency_ms"": 2765.41150000412}",show me my recent transactions,0.0,whisperadapter
latest_transactions_03.wav,2,2836.677100043744,Show me my recent transactions.,"{""model_size"": ""small"", ""device"": ""cpu"", ""latency_ms"": 2836.6660999599844}",show me my recent transactions,0.0,whisperadapter
latest_transactions_03.wav,3,2875.1535000046715,Show me my recent transactions.,"{""model_size"": ""small"", ""device"": ""cpu"", ""latency_ms"": 2875.1349999802187}",show me my recent transactions,0.0,whisperadapter
pay_bill_01.wav,1,3122.8951000375678,I'd like to make a payment on the bill.,"{""model_size"": ""small"", ""device"": ""cpu"", ""latency_ms"": 3122.8833999484777}",epic to make a payment on the bill,0.25,whisperadapter
pay_bill_01.wav,2,3062.6215999946,I'd like to make a payment on the bill.,"{""model_size"": ""small"", ""device"": ""cpu"", ""latency_ms"": 3062.6117000356317}",epic to make a payment on the bill,0.25,whisperadapter
pay_bill_01.wav,3,3099.7871999861677,I'd like to make a payment on the bill.,"{""model_size"": ""small"", ""device"": ""cpu"", ""latency_ms"": 3099.7763000195846}",epic to make a payment on the bill,0.25,whisperadapter
pay_bill_02.wav,1,3001.613400061615,"Hi, I want to make an online bill payment.","{""model_size"": ""small"", ""device"": ""cpu"", ""latency_ms"": 3001.6028999816626}",I want to make an online bill payment,0.125,whisperadapter
pay_bill_02.wav,2,3077.0077999914065,"Hi, I want to make an online bill payment.","{""model_size"": ""small"", ""device"": ""cpu"", ""latency_ms"": 3076.9973000278696}",I want to make an online bill payment,0.125,whisperadapter
pay_bill_02.wav,3,3154.9754999578,"Hi, I want to make an online bill payment.","{""model_size"": ""small"", ""device"": ""cpu"", ""latency_ms"": 3154.963699984364}",I want to make an online bill payment,0.125,whisperadapter
pay_bill_03.wav,1,3008.379100007005,I would like to make a bill payment.,"{""model_size"": ""small"", ""device"": ""cpu"", ""latency_ms"": 3008.366899914108}",I would like to make a down payment,0.125,whisperadapter
pay_bill_03.wav,2,2991.903900052421,I would like to make a bill payment.,"{""model_size"": ""small"", ""device"": ""cpu"", ""latency_ms"": 2991.892399964854}",I would like to make a down payment,0.125,whisperadapter
pay_bill_03.wav,3,3044.7779999813065,I would like to make a bill payment.,"{""model_size"": ""small"", ""device"": ""cpu"", ""latency_ms"": 3044.7677000192925}",I would like to make a down payment,0.125,whisperadapter
pay_bill_04.wav,1,2932.166400016285,I need to make a payment.,"{""model_size"": ""small"", ""device"": ""cpu"", ""latency_ms"": 2932.156699942425}",I need to make a payment,0.0,whisperadapter
pay_bill_04.wav,2,2734.3324999092147,I need to make a payment.,"{""model_size"": ""small"", ""device"": ""cpu"", ""latency_ms"": 2734.3230999540538}",I need to make a payment,0.0,whisperadapter
pay_bill_04.wav,3,4896.908900002018,I need to make a payment.,"{""model_size"": ""small"", ""device"": ""cpu"", ""latency_ms"": 4896.896500024013}",I need to make a payment,0.0,whisperadapter
pay_bill_05.wav,1,5846.152600017376,Make a bill payment.,"{""model_size"": ""small"", ""device"": ""cpu"", ""latency_ms"": 5846.139799919911}",make a bill payment,0.0,whisperadapter
pay_bill_05.wav,2,5642.840499989688,Make a bill payment.,"{""model_size"": ""small"", ""device"": ""cpu"", ""latency_ms"": 5642.803599941544}",make a bill payment,0.0,whisperadapter
pay_bill_05.wav,3,5787.615300039761,Make a bill payment.,"{""model_size"": ""small"", ""device"": ""cpu"", ""latency_ms"": 5787.601500051096}",make a bill payment,0.0,whisperadapter
pay_bill_06.wav,1,3682.047500042245,I'd like to make a payment.,"{""model_size"": ""small"", ""device"": ""cpu"", ""latency_ms"": 3682.0376999676228}",I'd like to make a payment,0.0,whisperadapter
pay_bill_06.wav,2,2214.2513999715447,I'd like to make a payment.,"{""model_size"": ""small"", ""device"": ""cpu"", ""latency_ms"": 2214.243600028567}",I'd like to make a payment,0.0,whisperadapter
pay_bill_06.wav,3,2250.5374000174925,I'd like to make a payment.,"{""model_size"": ""small"", ""device"": ""cpu"", ""latency_ms"": 2250.5289999535307}",I'd like to make a payment,0.0,whisperadapter
pay_bill_07.wav,1,2051.8581001088023,My bills are due.,"{""model_size"": ""small"", ""device"": ""cpu"", ""latency_ms"": 2051.849300041795}",my bills are due,0.0,whisperadapter
pay_bill_07.wav,2,2029.3003999395296,My bills are due.,"{""model_size"": ""small"", ""device"": ""cpu"", ""latency_ms"": 2029.2914001038298}",my bills are due,0.0,whisperadapter
pay_bill_07.wav,3,2103.069100063294,My bills are due.,"{""model_size"": ""small"", ""device"": ""cpu"", ""latency_ms"": 2103.0597999924794}",my bills are due,0.0,whisperadapter
pay_bill_08.wav,1,2459.066800074652,I want to pay off my entire balance.,"{""model_size"": ""small"", ""device"": ""cpu"", ""latency_ms"": 2459.0325000463054}",I want to pay off my entire balance,0.0,whisperadapter
pay_bill_08.wav,2,2364.359800005332,I want to pay off my entire balance.,"{""model_size"": ""small"", ""device"": ""cpu"", ""latency_ms"": 2364.3510000547394}",I want to pay off my entire balance,0.0,whisperadapter
pay_bill_08.wav,3,5482.262999983504,I want to pay off my entire balance.,"{""model_size"": ""small"", ""device"": ""cpu"", ""latency_ms"": 5482.251700013876}",I want to pay off my entire balance,0.0,whisperadapter
pay_bill_09.wav,1,6156.321799964644,I would like to make a payment.,"{""model_size"": ""small"", ""device"": ""cpu"", ""latency_ms"": 6156.308499979787}",I would like to make a payment,0.0,whisperadapter
pay_bill_09.wav,2,6343.1882000295445,I would like to make a payment.,"{""model_size"": ""small"", ""device"": ""cpu"", ""latency_ms"": 6343.170600011945}",I would like to make a payment,0.0,whisperadapter
pay_bill_09.wav,3,6196.733999997377,I would like to make a payment.,"{""model_size"": ""small"", ""device"": ""cpu"", ""latency_ms"": 6196.720300009474}",I would like to make a payment,0.0,whisperadapter
pay_bill_10.wav,1,6300.3265000879765,I'd like to pay my bill.,"{""model_size"": ""small"", ""device"": ""cpu"", ""latency_ms"": 6300.312499981374}",I'd like to pay my bill,0.0,whisperadapter
pay_bill_10.wav,2,5864.099699887447,I'd like to pay my bill.,"{""model_size"": ""small"", ""device"": ""cpu"", ""latency_ms"": 5864.086900022812}",I'd like to pay my bill,0.0,whisperadapter
pay_bill_10.wav,3,5846.337200026028,I'd like to pay my bill.,"{""model_size"": ""small"", ""device"": ""cpu"", ""latency_ms"": 5846.325499936938}",I'd like to pay my bill,0.0,whisperadapter
atm_limit_01.wav,1,6195.491399965249,How much money can I take out at the ATM?,"{""decoding"": ""greedy"", ""temperature"": 0.0, ""condition_on_previous_text"": false, ""latency_ms"": 6195.465800003149}",how much money can I take out at the ATM,0.0,whisper_greedy
atm_limit_01.wav,2,6330.418700003065,How much money can I take out at the ATM?,"{""decoding"": ""greedy"", ""temperature"": 0.0, ""condition_on_previous_text"": false, ""latency_ms"": 6330.399199970998}",how much money can I take out at the ATM,0.0,whisper_greedy
atm_limit_01.wav,3,6309.861599933356,How much money can I take out at the ATM?,"{""decoding"": ""greedy"", ""temperature"": 0.0, ""condition_on_previous_text"": false, ""latency_ms"": 6309.848599950783}",how much money can I take out at the ATM,0.0,whisper_greedy
atm_limit_02.wav,1,6374.317000037991,How much money can I withdraw at the ATM?,"{""decoding"": ""greedy"", ""temperature"": 0.0, ""condition_on_previous_text"": false, ""latency_ms"": 6374.286799924448}",how much money can I withdraw at the ATM,0.0,whisper_greedy
atm_limit_02.wav,2,6481.667199986987,How much money can I withdraw at the ATM?,"{""decoding"": ""greedy"", ""temperature"": 0.0, ""condition_on_previous_text"": false, ""latency_ms"": 6481.654100003652}",how much money can I withdraw at the ATM,0.0,whisper_greedy
atm_limit_02.wav,3,6622.907500015572,How much money can I withdraw at the ATM?,"{""decoding"": ""greedy"", ""temperature"": 0.0, ""condition_on_previous_text"": false, ""latency_ms"": 6622.89429991506}",how much money can I withdraw at the ATM,0.0,whisper_greedy
atm_limit_03.wav,1,5979.502399917692,What is my limit at the ATM?,"{""decoding"": ""greedy"", ""temperature"": 0.0, ""condition_on_previous_text"": false, ""latency_ms"": 5979.487600037828}",what is my limit at the ATM,0.0,whisper_greedy
atm_limit_03.wav,2,5971.624500001781,What is my limit at the ATM?,"{""decoding"": ""greedy"", ""temperature"": 0.0, ""condition_on_previous_text"": false, ""latency_ms"": 5971.613100031391}",what is my limit at the ATM,0.0,whisper_greedy
atm_limit_03.wav,3,5767.269800067879,What is my limit at the ATM?,"{""decoding"": ""greedy"", ""temperature"": 0.0, ""condition_on_previous_text"": false, ""latency_ms"": 5767.250400036573}",what is my limit at the ATM,0.0,whisper_greedy
balance_01.wav,1,5879.838399938308,Can I see my count Bella?,"{""decoding"": ""greedy"", ""temperature"": 0.0, ""condition_on_previous_text"": false, ""latency_ms"": 5879.819500027224}",can you see my account balance,0.5,whisper_greedy
balance_01.wav,2,5889.988900045864,Can I see my count Bella?,"{""decoding"": ""greedy"", ""temperature"": 0.0, ""condition_on_previous_text"": false, ""latency_ms"": 5889.972499920987}",can you see my account balance,0.5,whisper_greedy
balance_01.wav,3,5759.939799900167,Can I see my count Bella?,"{""decoding"": ""greedy"", ""temperature"": 0.0, ""condition_on_previous_text"": false, ""latency_ms"": 5759.925900027156}",can you see my account balance,0.5,whisper_greedy
balance_02.wav,1,5831.927599967457,What is my account balance?,"{""decoding"": ""greedy"", ""temperature"": 0.0, ""condition_on_previous_text"": false, ""latency_ms"": 5831.915299990214}",what is my account balance,0.0,whisper_greedy
balance_02.wav,2,6018.071600003168,What is my account balance?,"{""decoding"": ""greedy"", ""temperature"": 0.0, ""condition_on_previous_text"": false, ""latency_ms"": 6018.054299987853}",what is my account balance,0.0,whisper_greedy
balance_02.wav,3,6141.679599997588,What is my account balance?,"{""decoding"": ""greedy"", ""temperature"": 0.0, ""condition_on_previous_text"": false, ""latency_ms"": 6141.663299989887}",what is my account balance,0.0,whisper_greedy
balance_03.wav,1,6178.4187000012025,Show me my account balance.,"{""decoding"": ""greedy"", ""temperature"": 0.0, ""condition_on_previous_text"": false, ""latency_ms"": 6178.398799966089}",show me my account balance,0.0,whisper_greedy
balance_03.wav,2,6115.4571999795735,Show me my account balance.,"{""decoding"": ""greedy"", ""temperature"": 0.0, ""condition_on_previous_text"": false, ""latency_ms"": 6115.443299990147}",show me my account balance,0.0,whisper_greedy
balance_03.wav,3,5875.857999897562,Show me my account balance.,"{""decoding"": ""greedy"", ""temperature"": 0.0, ""condition_on_previous_text"": false, ""latency_ms"": 5875.8444000268355}",show me my account balance,0.0,whisper_greedy
balance_04.wav,1,6494.597600074485,I would like to know what my current account balance shows.,"{""decoding"": ""greedy"", ""temperature"": 0.0, ""condition_on_previous_text"": false, ""latency_ms"": 6494.58139995113}",I would like to know what my current account balance shows,0.0,whisper_greedy
balance_04.wav,2,6382.926899939776,I would like to know what my current account balance shows.,"{""decoding"": ""greedy"", ""temperature"": 0.0, ""condition_on_previous_text"": false, ""latency_ms"": 6382.907100021839}",I would like to know what my current account balance shows,0.0,whisper_greedy
balance_04.wav,3,6615.035000024363,I would like to know what my current account balance shows.,"{""decoding"": ""greedy"", ""temperature"": 0.0, ""condition_on_previous_text"": false, ""latency_ms"": 6615.016199997626}",I would like to know what my current account balance shows,0.0,whisper_greedy
balance_05.wav,1,6128.87810007669,What's my current balance?,"{""decoding"": ""greedy"", ""temperature"": 0.0, ""condition_on_previous_text"": false, ""latency_ms"": 6128.861799952574}",what's my current balance,0.0,whisper_greedy
balance_05.wav,2,5894.890600000508,What's my current balance?,"{""decoding"": ""greedy"", ""temperature"": 0.0, ""condition_on_previous_text"": false, ""latency_ms"": 5894.871499971487}",what's my current balance,0.0,whisper_greedy
balance_05.wav,3,5875.780200003646,What's my current balance?,"{""decoding"": ""greedy"", ""temperature"": 0.0, ""condition_on_previous_text"": false, ""latency_ms"": 5875.76009996701}",what's my current balance,0.0,whisper_greedy
balance_06.wav,1,5721.033099922352,Account balance.,"{""decoding"": ""greedy"", ""temperature"": 0.0, ""condition_on_previous_text"": false, ""latency_ms"": 5721.016200026497}",account balance,0.0,whisper_greedy
balance_06.wav,2,5686.593200080097,Account balance.,"{""decoding"": ""greedy"", ""temperature"": 0.0, ""condition_on_previous_text"": false, ""latency_ms"": 5686.576099949889}",account balance,0.0,whisper_greedy
balance_06.wav,3,5667.881399975158,Account balance.,"{""decoding"": ""greedy"", ""temperature"": 0.0, ""condition_on_previous_text"": false, ""latency_ms"": 5667.864100076258}",account balance,0.0,whisper_greedy
balance_07.wav,1,5846.280200057663,Show me my account balance please.,"{""decoding"": ""greedy"", ""temperature"": 0.0, ""condition_on_previous_text"": false, ""latency_ms"": 5846.26619995106}",show me my account balance please,0.0,whisper_greedy
balance_07.wav,2,6115.582500002347,Show me my account balance please.,"{""decoding"": ""greedy"", ""temperature"": 0.0, ""condition_on_previous_text"": false, ""latency_ms"": 6115.566799999215}",show me my account balance please,0.0,whisper_greedy
balance_07.wav,3,6090.457899961621,Show me my account balance please.,"{""decoding"": ""greedy"", ""temperature"": 0.0, ""condition_on_previous_text"": false, ""latency_ms"": 6090.441000065766}",show me my account balance please,0.0,whisper_greedy
balance_08.wav,1,6016.376500017941,Show me my account balance.,"{""decoding"": ""greedy"", ""temperature"": 0.0, ""condition_on_previous_text"": false, ""latency_ms"": 6016.364900046028}",show me my account balance,0.0,whisper_greedy
balance_08.wav,2,6064.793400000781,Show me my account balance.,"{""decoding"": ""greedy"", ""temperature"": 0.0, ""condition_on_previous_text"": false, ""latency_ms"": 6064.7788000060245}",show me my account balance,0.0,whisper_greedy
balance_08.wav,3,6014.007100020535,Show me my account balance.,"{""decoding"": ""greedy"", ""temperature"": 0.0, ""condition_on_previous_text"": false, ""latency_ms"": 6013.994700042531}",show me my account balance,0.0,whisper_greedy
balance_09.wav,1,6147.785099921748,Could I see my account balance please?,"{""decoding"": ""greedy"", ""temperature"": 0.0, ""condition_on_previous_text"": false, ""latency_ms"": 6147.772500058636}",can I see my account balance please,0.1428571428571428,whisper_greedy
balance_09.wav,2,5876.560100005008,Could I see my account balance please?,"{""decoding"": ""greedy"", ""temperature"": 0.0, ""condition_on_previous_text"": false, ""latency_ms"": 5876.543799997307}",can I see my account balance please,0.1428571428571428,whisper_greedy
balance_09.wav,3,5934.623000095598,Could I see my account balance please?,"{""decoding"": ""greedy"", ""temperature"": 0.0, ""condition_on_previous_text"": false, ""latency_ms"": 5934.60789998062}",can I see my account balance please,0.1428571428571428,whisper_greedy
balance_10.wav,1,6026.35239996016,You show me my current account balance.,"{""decoding"": ""greedy"", ""temperature"": 0.0, ""condition_on_previous_text"": false, ""latency_ms"": 6026.338999974541}",show me my current account balance,0.1666666666666666,whisper_greedy
balance_10.wav,2,5973.170800018124,You show me my current account balance.,"{""decoding"": ""greedy"", ""temperature"": 0.0, ""condition_on_previous_text"": false, ""latency_ms"": 5973.158200038597}",show me my current account balance,0.1666666666666666,whisper_greedy
balance_10.wav,3,5757.326300023124,You show me my current account balance.,"{""decoding"": ""greedy"", ""temperature"": 0.0, ""condition_on_previous_text"": false, ""latency_ms"": 5757.312999921851}",show me my current account balance,0.1666666666666666,whisper_greedy
card_issues_01.wav,1,5832.014699932188,Why was my card declined?,"{""decoding"": ""greedy"", ""temperature"": 0.0, ""condition_on_previous_text"": false, ""latency_ms"": 5832.0018000667915}",why was my card declined,0.0,whisper_greedy
card_issues_01.wav,2,5871.01270002313,Why was my card declined?,"{""decoding"": ""greedy"", ""temperature"": 0.0, ""condition_on_previous_text"": false, ""latency_ms"": 5870.998800033703}",why was my card declined,0.0,whisper_greedy
card_issues_01.wav,3,5694.156000041403,Why was my card declined?,"{""decoding"": ""greedy"", ""temperature"": 0.0, ""condition_on_previous_text"": false, ""latency_ms"": 5694.143699947745}",why was my card declined,0.0,whisper_greedy
card_issues_02.wav,1,6044.240000075661,I need help activating my code.,"{""decoding"": ""greedy"", ""temperature"": 0.0, ""condition_on_previous_text"": false, ""latency_ms"": 6044.227299978957}",I need help activating my scars,0.1666666666666666,whisper_greedy
card_issues_02.wav,2,6090.881900046952,I need help activating my code.,"{""decoding"": ""greedy"", ""temperature"": 0.0, ""condition_on_previous_text"": false, ""latency_ms"": 6090.869200066663}",I need help activating my scars,0.1666666666666666,whisper_greedy
card_issues_02.wav,3,5945.969499996863,I need help activating my code.,"{""decoding"": ""greedy"", ""temperature"": 0.0, ""condition_on_previous_text"": false, ""latency_ms"": 5945.957300020382}",I need help activating my scars,0.1666666666666666,whisper_greedy
card_issues_03.wav,1,5917.2819999512285,Card not working.,"{""decoding"": ""greedy"", ""temperature"": 0.0, ""condition_on_previous_text"": false, ""latency_ms"": 5917.269500088878}",card not working,0.0,whisper_greedy
card_issues_03.wav,2,5690.557299996726,Card not working.,"{""decoding"": ""greedy"", ""temperature"": 0.0, ""condition_on_previous_text"": false, ""latency_ms"": 5690.541799995117}",card not working,0.0,whisper_greedy
card_issues_03.wav,3,5740.979499998502,Card not working.,"{""decoding"": ""greedy"", ""temperature"": 0.0, ""condition_on_previous_text"": false, ""latency_ms"": 5740.967000019737}",card not working,0.0,whisper_greedy
card_issues_04.wav,1,5922.231199918315,My card isn't working.,"{""decoding"": ""greedy"", ""temperature"": 0.0, ""condition_on_previous_text"": false, ""latency_ms"": 5922.215700033121}",my card isn't working,0.0,whisper_greedy
card_issues_04.wav,2,5887.337499996647,My card isn't working.,"{""decoding"": ""greedy"", ""temperature"": 0.0, ""condition_on_previous_text"": false, ""latency_ms"": 5887.32459989842}",my card isn't working,0.0,whisper_greedy
card_issues_04.wav,3,5929.671099991538,My card isn't working.,"{""decoding"": ""greedy"", ""temperature"": 0.0, ""condition_on_previous_text"": false, ""latency_ms"": 5929.656299995258}",my card isn't working,0.0,whisper_greedy
card_issues_05.wav,1,5941.00910006091,trying to figure out why my payment was declined,"{""decoding"": ""greedy"", ""temperature"": 0.0, ""condition_on_previous_text"": false, ""latency_ms"": 5940.993600059301}",trying to figure out why my payment was declined,0.0,whisper_greedy
card_issues_05.wav,2,6137.203700025566,trying to figure out why my payment was declined,"{""decoding"": ""greedy"", ""temperature"": 0.0, ""condition_on_previous_text"": false, ""latency_ms"": 6137.190399924293}",trying to figure out why my payment was declined,0.0,whisper_greedy
card_issues_05.wav,3,6007.186600007117,trying to figure out why my payment was declined,"{""decoding"": ""greedy"", ""temperature"": 0.0, ""condition_on_previous_text"": false, ""latency_ms"": 6007.17369990889}",trying to figure out why my payment was declined,0.0,whisper_greedy
cash_deposit_01.wav,1,5963.719599996693,How do I deposit money into my account?,"{""decoding"": ""greedy"", ""temperature"": 0.0, ""condition_on_previous_text"": false, ""latency_ms"": 5963.707400020212}",how do I deposit money into my account,0.0,whisper_greedy
cash_deposit_01.wav,2,5966.566500021145,How do I deposit money into my account?,"{""decoding"": ""greedy"", ""temperature"": 0.0, ""condition_on_previous_text"": false, ""latency_ms"": 5966.5550999343395}",how do I deposit money into my account,0.0,whisper_greedy
cash_deposit_01.wav,3,5995.785800041631,How do I deposit money into my account?,"{""decoding"": ""greedy"", ""temperature"": 0.0, ""condition_on_previous_text"": false, ""latency_ms"": 5995.772999944165}",how do I deposit money into my account,0.0,whisper_greedy
cash_deposit_02.wav,1,5959.246900049038,I would like to deposit money into my account.,"{""decoding"": ""greedy"", ""temperature"": 0.0, ""condition_on_previous_text"": false, ""latency_ms"": 5959.235300077125}",would you like to deposit money into my account,0.2222222222222222,whisper_greedy
cash_deposit_02.wav,2,174998.6590000335,I would like to deposit money into my account.,"{""decoding"": ""greedy"", ""temperature"": 0.0, ""condition_on_previous_text"": false, ""latency_ms"": 174998.6440000357}",would you like to deposit money into my account,0.2222222222222222,whisper_greedy
cash_deposit_02.wav,3,83353.72740007006,I would like to deposit money into my account.,"{""decoding"": ""greedy"", ""temperature"": 0.0, ""condition_on_previous_text"": false, ""latency_ms"": 83353.7190000061}",would you like to deposit money into my account,0.2222222222222222,whisper_greedy
cash_deposit_03.wav,1,6874.458799953572,How do I deposit money into my account?,"{""decoding"": ""greedy"", ""temperature"": 0.0, ""condition_on_previous_text"": false, ""latency_ms"": 6874.445199966431}",how do I deposit money into my account,0.0,whisper_greedy
cash_deposit_03.wav,2,5919.675799901597,How do I deposit money into my account?,"{""decoding"": ""greedy"", ""temperature"": 0.0, ""condition_on_previous_text"": false, ""latency_ms"": 5919.662500033155}",how do I deposit money into my account,0.0,whisper_greedy
cash_deposit_03.wav,3,5882.9700000351295,How do I deposit money into my account?,"{""decoding"": ""greedy"", ""temperature"": 0.0, ""condition_on_previous_text"": false, ""latency_ms"": 5882.95860006474}",how do I deposit money into my account,0.0,whisper_greedy
cash_deposit_04.wav,1,6200.525699998252,Can I make a deposit?,"{""decoding"": ""greedy"", ""temperature"": 0.0, ""condition_on_previous_text"": false, ""latency_ms"": 6200.513500021771}",can I make a deposit,0.0,whisper_greedy
cash_deposit_04.wav,2,5974.287400022149,Can I make a deposit?,"{""decoding"": ""greedy"", ""temperature"": 0.0, ""condition_on_previous_text"": false, ""latency_ms"": 5974.275800050236}",can I make a deposit,0.0,whisper_greedy
cash_deposit_04.wav,3,6241.14759999793,Can I make a deposit?,"{""decoding"": ""greedy"", ""temperature"": 0.0, ""condition_on_previous_text"": false, ""latency_ms"": 6241.130699985661}",can I make a deposit,0.0,whisper_greedy
cash_deposit_05.wav,1,6699.254099978134,"Hi, I want to deposit money into my savings account.","{""decoding"": ""greedy"", ""temperature"": 0.0, ""condition_on_previous_text"": false, ""latency_ms"": 6699.237999971956}",hi I want to deposit money into my savings account,0.0,whisper_greedy
cash_deposit_05.wav,2,6484.377799904905,"Hi, I want to deposit money into my savings account.","{""decoding"": ""greedy"", ""temperature"": 0.0, ""condition_on_previous_text"": false, ""latency_ms"": 6484.361400012858}",hi I want to deposit money into my savings account,0.0,whisper_greedy
cash_deposit_05.wav,3,6409.142200020142,"Hi, I want to deposit money into my savings account.","{""decoding"": ""greedy"", ""temperature"": 0.0, ""condition_on_previous_text"": false, ""latency_ms"": 6409.125900012441}",hi I want to deposit money into my savings account,0.0,whisper_greedy
cash_deposit_06.wav,1,5996.74619990401,I'd like to make a deposit.,"{""decoding"": ""greedy"", ""temperature"": 0.0, ""condition_on_previous_text"": false, ""latency_ms"": 5996.734200045466}",I'd like to make a deposit,0.0,whisper_greedy
cash_deposit_06.wav,2,6151.527400012128,I'd like to make a deposit.,"{""decoding"": ""greedy"", ""temperature"": 0.0, ""condition_on_previous_text"": false, ""latency_ms"": 6151.500400039367}",I'd like to make a deposit,0.0,whisper_greedy
cash_deposit_06.wav,3,6326.417300035246,I'd like to make a deposit.,"{""decoding"": ""greedy"", ""temperature"": 0.0, ""condition_on_previous_text"": false, ""latency_ms"": 6326.398500008509}",I'd like to make a deposit,0.0,whisper_greedy
cash_deposit_07.wav,1,5950.865000020713,Deposit money into account.,"{""decoding"": ""greedy"", ""temperature"": 0.0, ""condition_on_previous_text"": false, ""latency_ms"": 5950.850600027479}",deposit money into account,0.0,whisper_greedy
cash_deposit_07.wav,2,6088.087899959646,Deposit money into account.,"{""decoding"": ""greedy"", ""temperature"": 0.0, ""condition_on_previous_text"": false, ""latency_ms"": 6088.076499989256}",deposit money into account,0.0,whisper_greedy
cash_deposit_07.wav,3,6269.713600049727,Deposit money into account.,"{""decoding"": ""greedy"", ""temperature"": 0.0, ""condition_on_previous_text"": false, ""latency_ms"": 6269.695300026797}",deposit money into account,0.0,whisper_greedy
cash_deposit_08.wav,1,5807.052100077272,Where can I deposit money?,"{""decoding"": ""greedy"", ""temperature"": 0.0, ""condition_on_previous_text"": false, ""latency_ms"": 5807.040699990466}",where can I deposit money,0.0,whisper_greedy
cash_deposit_08.wav,2,5954.813600052148,Where can I deposit money?,"{""decoding"": ""greedy"", ""temperature"": 0.0, ""condition_on_previous_text"": false, ""latency_ms"": 5954.801699961536}",where can I deposit money,0.0,whisper_greedy
cash_deposit_08.wav,3,5845.774499932304,Where can I deposit money?,"{""decoding"": ""greedy"", ""temperature"": 0.0, ""condition_on_previous_text"": false, ""latency_ms"": 5845.75729991775}",where can I deposit money,0.0,whisper_greedy
cash_deposit_09.wav,1,5762.089399970137,How can I make a deposit?,"{""decoding"": ""greedy"", ""temperature"": 0.0, ""condition_on_previous_text"": false, ""latency_ms"": 5762.073899968527}",how can I make a deposit,0.0,whisper_greedy
cash_deposit_09.wav,2,6133.489199914038,How can I make a deposit?,"{""decoding"": ""greedy"", ""temperature"": 0.0, ""condition_on_previous_text"": false, ""latency_ms"": 6133.4760000463575}",how can I make a deposit,0.0,whisper_greedy
cash_deposit_09.wav,3,5798.576400033198,How can I make a deposit?,"{""decoding"": ""greedy"", ""temperature"": 0.0, ""condition_on_previous_text"": false, ""latency_ms"": 5798.560600029305}",how can I make a deposit,0.0,whisper_greedy
cash_deposit_10.wav,1,6360.717599978671,I'd like to deposit money into my account.,"{""decoding"": ""greedy"", ""temperature"": 0.0, ""condition_on_previous_text"": false, ""latency_ms"": 6360.691800015047}",I'd like to deposit money into my account,0.0,whisper_greedy
cash_deposit_10.wav,2,6055.307399947196,I'd like to deposit money into my account.,"{""decoding"": ""greedy"", ""temperature"": 0.0, ""condition_on_previous_text"": false, ""latency_ms"": 6055.28900003992}",I'd like to deposit money into my account,0.0,whisper_greedy
cash_deposit_10.wav,3,6138.179200002924,I'd like to deposit money into my account.,"{""decoding"": ""greedy"", ""temperature"": 0.0, ""condition_on_previous_text"": false, ""latency_ms"": 6138.155599939637}",I'd like to deposit money into my account,0.0,whisper_greedy
latest_transactions_01.wav,1,6186.268599936739,I'm talking about recent transactions on my card.,"{""decoding"": ""greedy"", ""temperature"": 0.0, ""condition_on_previous_text"": false, ""latency_ms"": 6186.249700025655}",tell me about recent transactions on my card,0.25,whisper_greedy
latest_transactions_01.wav,2,5771.062900079414,I'm talking about recent transactions on my card.,"{""decoding"": ""greedy"", ""temperature"": 0.0, ""condition_on_previous_text"": false, ""latency_ms"": 5771.052199997939}",tell me about recent transactions on my card,0.25,whisper_greedy
latest_transactions_01.wav,3,2577.576900017448,I'm talking about recent transactions on my card.,"{""decoding"": ""greedy"", ""temperature"": 0.0, ""condition_on_previous_text"": false, ""latency_ms"": 2577.5687999557704}",tell me about recent transactions on my card,0.25,whisper_greedy
latest_transactions_02.wav,1,2491.821900010109,Please show me my latest transactions.,"{""decoding"": ""greedy"", ""temperature"": 0.0, ""condition_on_previous_text"": false, ""latency_ms"": 2491.814099950716}",please show me my latest transactions,0.0,whisper_greedy
latest_transactions_02.wav,2,2429.859899915755,Please show me my latest transactions.,"{""decoding"": ""greedy"", ""temperature"": 0.0, ""condition_on_previous_text"": false, ""latency_ms"": 2429.851399967447}",please show me my latest transactions,0.0,whisper_greedy
latest_transactions_02.wav,3,2451.436899951659,Please show me my latest transactions.,"{""decoding"": ""greedy"", ""temperature"": 0.0, ""condition_on_previous_text"": false, ""latency_ms"": 2451.4248999767005}",please show me my latest transactions,0.0,whisper_greedy
latest_transactions_03.wav,1,2371.251499978825,Show me my recent transactions.,"{""decoding"": ""greedy"", ""temperature"": 0.0, ""condition_on_previous_text"": false, ""latency_ms"": 2371.242900029756}",show me my recent transactions,0.0,whisper_greedy
latest_transactions_03.wav,2,2347.362899919972,Show me my recent transactions.,"{""decoding"": ""greedy"", ""temperature"": 0.0, ""condition_on_previous_text"": false, ""latency_ms"": 2347.3531000781804}",show me my recent transactions,0.0,whisper_greedy
latest_transactions_03.wav,3,2428.3169999253005,Show me my recent transactions.,"{""decoding"": ""greedy"", ""temperature"": 0.0, ""condition_on_previous_text"": false, ""latency_ms"": 2428.307899972424}",show me my recent transactions,0.0,whisper_greedy
pay_bill_01.wav,1,2553.8122000871226,I'd like to make a payment on the bill.,"{""decoding"": ""greedy"", ""temperature"": 0.0, ""condition_on_previous_text"": false, ""latency_ms"": 2553.8046000292525}",epic to make a payment on the bill,0.25,whisper_greedy
pay_bill_01.wav,2,2557.815600070171,I'd like to make a payment on the bill.,"{""decoding"": ""greedy"", ""temperature"": 0.0, ""condition_on_previous_text"": false, ""latency_ms"": 2557.802499970421}",epic to make a payment on the bill,0.25,whisper_greedy
pay_bill_01.wav,3,2528.382700053044,I'd like to make a payment on the bill.,"{""decoding"": ""greedy"", ""temperature"": 0.0, ""condition_on_previous_text"": false, ""latency_ms"": 2528.3725999761373}",epic to make a payment on the bill,0.25,whisper_greedy
pay_bill_02.wav,1,2533.458099933341,"Hi, I want to make an online bill payment.","{""decoding"": ""greedy"", ""temperature"": 0.0, ""condition_on_previous_text"": false, ""latency_ms"": 2533.4502001060173}",I want to make an online bill payment,0.125,whisper_greedy
pay_bill_02.wav,2,2533.7845000904053,"Hi, I want to make an online bill payment.","{""decoding"": ""greedy"", ""temperature"": 0.0, ""condition_on_previous_text"": false, ""latency_ms"": 2533.7763000279665}",I want to make an online bill payment,0.125,whisper_greedy
pay_bill_02.wav,3,2553.3494000555947,"Hi, I want to make an online bill payment.","{""decoding"": ""greedy"", ""temperature"": 0.0, ""condition_on_previous_text"": false, ""latency_ms"": 2553.3412999939173}",I want to make an online bill payment,0.125,whisper_greedy
pay_bill_03.wav,1,2534.065800020471,I would like to make a bill payment.,"{""decoding"": ""greedy"", ""temperature"": 0.0, ""condition_on_previous_text"": false, ""latency_ms"": 2534.056199947372}",I would like to make a down payment,0.125,whisper_greedy
pay_bill_03.wav,2,2470.638900063932,I would like to make a bill payment.,"{""decoding"": ""greedy"", ""temperature"": 0.0, ""condition_on_previous_text"": false, ""latency_ms"": 2470.6312000053003}",I would like to make a down payment,0.125,whisper_greedy
pay_bill_03.wav,3,2604.83009996824,I would like to make a bill payment.,"{""decoding"": ""greedy"", ""temperature"": 0.0, ""condition_on_previous_text"": false, ""latency_ms"": 2604.8224000260234}",I would like to make a down payment,0.125,whisper_greedy
pay_bill_04.wav,1,2555.2714000223204,I need to make a payment.,"{""decoding"": ""greedy"", ""temperature"": 0.0, ""condition_on_previous_text"": false, ""latency_ms"": 2555.263299960643}",I need to make a payment,0.0,whisper_greedy
pay_bill_04.wav,2,2460.8781998977065,I need to make a payment.,"{""decoding"": ""greedy"", ""temperature"": 0.0, ""condition_on_previous_text"": false, ""latency_ms"": 2460.8700000680983}",I need to make a payment,0.0,whisper_greedy
pay_bill_04.wav,3,2414.0619999961928,I need to make a payment.,"{""decoding"": ""greedy"", ""temperature"": 0.0, ""condition_on_previous_text"": false, ""latency_ms"": 2414.053999935277}",I need to make a payment,0.0,whisper_greedy
pay_bill_05.wav,1,2422.157800057903,Make a bill payment.,"{""decoding"": ""greedy"", ""temperature"": 0.0, ""condition_on_previous_text"": false, ""latency_ms"": 2422.1500999992713}",make a bill payment,0.0,whisper_greedy
pay_bill_05.wav,2,2319.7793000144884,Make a bill payment.,"{""decoding"": ""greedy"", ""temperature"": 0.0, ""condition_on_previous_text"": false, ""latency_ms"": 2319.771899958141}",make a bill payment,0.0,whisper_greedy
pay_bill_05.wav,3,2313.8139999937266,Make a bill payment.,"{""decoding"": ""greedy"", ""temperature"": 0.0, ""condition_on_previous_text"": false, ""latency_ms"": 2313.8056999305263}",make a bill payment,0.0,whisper_greedy
pay_bill_06.wav,1,2511.716999928467,I'd like to make a payment.,"{""decoding"": ""greedy"", ""temperature"": 0.0, ""condition_on_previous_text"": false, ""latency_ms"": 2511.7094001034275}",I'd like to make a payment,0.0,whisper_greedy
pay_bill_06.wav,2,2419.604699942284,I'd like to make a payment.,"{""decoding"": ""greedy"", ""temperature"": 0.0, ""condition_on_previous_text"": false, ""latency_ms"": 2419.5968999993056}",I'd like to make a payment,0.0,whisper_greedy
pay_bill_06.wav,3,2500.1509999856357,I'd like to make a payment.,"{""decoding"": ""greedy"", ""temperature"": 0.0, ""condition_on_previous_text"": false, ""latency_ms"": 2500.144899939187}",I'd like to make a payment,0.0,whisper_greedy
pay_bill_07.wav,1,2464.4317000638694,My bills are due.,"{""decoding"": ""greedy"", ""temperature"": 0.0, ""condition_on_previous_text"": false, ""latency_ms"": 2464.424700010568}",my bills are due,0.0,whisper_greedy
pay_bill_07.wav,2,2389.888799982145,My bills are due.,"{""decoding"": ""greedy"", ""temperature"": 0.0, ""condition_on_previous_text"": false, ""latency_ms"": 2389.8814000422135}",my bills are due,0.0,whisper_greedy
pay_bill_07.wav,3,2356.933299917728,My bills are due.,"{""decoding"": ""greedy"", ""temperature"": 0.0, ""condition_on_previous_text"": false, ""latency_ms"": 2356.925700092688}",my bills are due,0.0,whisper_greedy
pay_bill_08.wav,1,2641.5186000522226,I want to pay off my entire balance.,"{""decoding"": ""greedy"", ""temperature"": 0.0, ""condition_on_previous_text"": false, ""latency_ms"": 2641.510899993591}",I want to pay off my entire balance,0.0,whisper_greedy
pay_bill_08.wav,2,2530.5743999779224,I want to pay off my entire balance.,"{""decoding"": ""greedy"", ""temperature"": 0.0, ""condition_on_previous_text"": false, ""latency_ms"": 2530.5670000379905}",I want to pay off my entire balance,0.0,whisper_greedy
pay_bill_08.wav,3,2509.9938000785187,I want to pay off my entire balance.,"{""decoding"": ""greedy"", ""temperature"": 0.0, ""condition_on_previous_text"": false, ""latency_ms"": 2509.9851000122726}",I want to pay off my entire balance,0.0,whisper_greedy
pay_bill_09.wav,1,2493.551900028251,I would like to make a payment.,"{""decoding"": ""greedy"", ""temperature"": 0.0, ""condition_on_previous_text"": false, ""latency_ms"": 2493.5436999658123}",I would like to make a payment,0.0,whisper_greedy
pay_bill_09.wav,2,2563.6287999805063,I would like to make a payment.,"{""decoding"": ""greedy"", ""temperature"": 0.0, ""condition_on_previous_text"": false, ""latency_ms"": 2563.6210999218747}",I would like to make a payment,0.0,whisper_greedy
pay_bill_09.wav,3,2494.480099994689,I would like to make a payment.,"{""decoding"": ""greedy"", ""temperature"": 0.0, ""condition_on_previous_text"": false, ""latency_ms"": 2494.4719000486657}",I would like to make a payment,0.0,whisper_greedy
pay_bill_10.wav,1,2436.682700063102,I'd like to pay my bill.,"{""decoding"": ""greedy"", ""temperature"": 0.0, ""condition_on_previous_text"": false, ""latency_ms"": 2436.6746000014246}",I'd like to pay my bill,0.0,whisper_greedy
pay_bill_10.wav,2,2388.272500014864,I'd like to pay my bill.,"{""decoding"": ""greedy"", ""temperature"": 0.0, ""condition_on_previous_text"": false, ""latency_ms"": 2388.2645999547094}",I'd like to pay my bill,0.0,whisper_greedy
pay_bill_10.wav,3,2419.6809000568464,I'd like to pay my bill.,"{""decoding"": ""greedy"", ""temperature"": 0.0, ""condition_on_previous_text"": false, ""latency_ms"": 2419.672599993646}",I'd like to pay my bill,0.0,whisper_greedy
